-- phpMyAdmin SQL Dump
-- version 5.2.0
-- https://www.phpmyadmin.net/
--
-- Host: 127.0.0.1
-- Generation Time: Jan 31, 2024 at 08:33 PM
-- Server version: 10.4.27-MariaDB
-- PHP Version: 8.1.12

SET SQL_MODE = "NO_AUTO_VALUE_ON_ZERO";
START TRANSACTION;
SET time_zone = "+00:00";


/*!40101 SET @OLD_CHARACTER_SET_CLIENT=@@CHARACTER_SET_CLIENT */;
/*!40101 SET @OLD_CHARACTER_SET_RESULTS=@@CHARACTER_SET_RESULTS */;
/*!40101 SET @OLD_COLLATION_CONNECTION=@@COLLATION_CONNECTION */;
/*!40101 SET NAMES utf8mb4 */;

--
-- Database: `pagarnusa`
--

-- --------------------------------------------------------

--
-- Table structure for table `akun`
--

CREATE TABLE `akun` (
  `id_akun` varchar(100) NOT NULL,
  `nama` varchar(100) NOT NULL,
  `level` enum('admin','wasit') NOT NULL,
  `hp` int(20) NOT NULL,
  `aktif` enum('Y','N') NOT NULL,
  `pin` int(11) NOT NULL
) ENGINE=InnoDB DEFAULT CHARSET=utf8mb4 COLLATE=utf8mb4_general_ci;

-- --------------------------------------------------------

--
-- Table structure for table `hukuman`
--

CREATE TABLE `hukuman` (
  `id_hukuman` varchar(100) NOT NULL,
  `id_tanding` varchar(100) NOT NULL,
  `id_peserta` varchar(100) NOT NULL,
  `id_user` varchar(100) NOT NULL,
  `babak` int(11) NOT NULL,
  `skor` int(11) NOT NULL,
  `ket` varchar(20) NOT NULL,
  `waktu` datetime NOT NULL
) ENGINE=InnoDB DEFAULT CHARSET=utf8mb4 COLLATE=utf8mb4_general_ci;

--
-- Dumping data for table `hukuman`
--

INSERT INTO `hukuman` (`id_hukuman`, `id_tanding`, `id_peserta`, `id_user`, `babak`, `skor`, `ket`, `waktu`) VALUES
('04fdebe8-fa86-4954-8c7b-6253188bceaa', 'd1d64364-d328-43e7-a18b-adb89f30c6d1', 'f8b7c89b-54ce-4dbe-8654-eaa5782ca53c', 'd9e705b5-4ef7-4549-9af9-2fc34774ac48', 1, 3, 'jatuhan', '2024-01-16 21:18:25'),
('06bc6187-aafd-4d60-b5fe-b33b99a9920e', '194969d7-0d68-469f-9a22-1f3c99957504', '889dad8c-7941-4293-9160-becb4b2b8c95', 'd9e705b5-4ef7-4549-9af9-2fc34774ac48', 2, 3, 'jatuhan', '2024-01-16 21:05:04'),
('0a314c2f-1f77-4687-9193-61109d935557', 'd2ebfb70-4856-4793-8ce0-305b4a01bf4b', '8da604b6-fe0f-4efa-b40c-da5f96408c12', 'd9e705b5-4ef7-4549-9af9-2fc34774ac48', 1, 3, 'jatuhan', '2024-01-16 21:31:34'),
('10663067-58b2-40f6-bd19-63410a8dbbc3', 'c19d8876-a2da-4c28-ab2f-3ddd0105fdc1', 'd9558b7c-2629-49fd-a6e0-9cb19197a4dd', 'a73381f2-4f52-4af9-b080-1dcaaea1c113', 1, 0, 'binaan', '2024-01-18 14:08:42'),
('13684c29-8e9e-4173-961e-86a4a996c883', '02598eb4-9c75-4e2f-8803-bd373e1cc863', 'fab08335-00da-4c43-bb91-77045a543555', 'a73381f2-4f52-4af9-b080-1dcaaea1c113', 1, 3, 'jatuhan', '2024-01-18 08:35:51'),
('1442a720-ddf1-49e6-b3e9-0528e67af2d5', '81f48620-f7c6-4c70-ae47-257a4027f9b8', 'fc5399e5-128c-4ce7-a028-d4ccf1058f09', 'a73381f2-4f52-4af9-b080-1dcaaea1c113', 2, 0, 'binaan', '2024-01-29 11:47:10'),
('170df0fd-6c2c-4bb4-83cb-296609671e25', 'd1d5353c-d1da-474a-afed-5927f8c9a289', 'a1d62779-e810-4fc5-95d6-4932539131f8', 'd9e705b5-4ef7-4549-9af9-2fc34774ac48', 1, 3, 'jatuhan', '2024-01-16 20:58:47'),
('1cd30d3e-d692-4fec-a5f7-dd5513b9fd15', '81f48620-f7c6-4c70-ae47-257a4027f9b8', 'fc5399e5-128c-4ce7-a028-d4ccf1058f09', 'a73381f2-4f52-4af9-b080-1dcaaea1c113', 1, 3, 'jatuhan', '2024-01-29 11:25:29'),
('1ecad88c-c26f-4c69-9dfc-071d7a857157', 'c19d8876-a2da-4c28-ab2f-3ddd0105fdc1', 'd9558b7c-2629-49fd-a6e0-9cb19197a4dd', 'a73381f2-4f52-4af9-b080-1dcaaea1c113', 2, -1, 'teguran', '2024-01-18 14:11:12'),
('2b863c1c-08d2-4083-80e6-96219b44cc92', 'd1d5353c-d1da-474a-afed-5927f8c9a289', 'a1d62779-e810-4fc5-95d6-4932539131f8', 'd9e705b5-4ef7-4549-9af9-2fc34774ac48', 1, 3, 'jatuhan', '2024-01-16 20:58:33'),
('34eccc4f-f571-46eb-949c-432530aac5ac', '48d5f2df-2666-4d70-ac24-dde1a9ada6d8', '335984a1-5e5a-49be-8cfa-eb648e0cc515', 'd9e705b5-4ef7-4549-9af9-2fc34774ac48', 1, 0, 'binaan', '2024-01-16 20:23:58'),
('36458ff9-6746-44c4-9ebf-8eec500c5e32', '75ff1cd6-f4f3-4f76-8b6f-6dcab342e37d', '82c473b8-fbdf-4028-906f-0edadf4b6054', 'd9e705b5-4ef7-4549-9af9-2fc34774ac48', 2, 0, 'binaan', '2024-01-16 20:50:03'),
('37474df3-fc22-45ff-8b94-9e9f15b3d5c3', '136eba5f-078f-4673-ace6-6e4de2adbfbc', '531e1450-326f-476e-ab8a-ff71d0d49ff9', 'd9e705b5-4ef7-4549-9af9-2fc34774ac48', 2, 3, 'jatuhan', '2024-01-17 14:43:38'),
('3966ddaf-6cc5-42de-88b5-7bdf0aa2f40d', '02598eb4-9c75-4e2f-8803-bd373e1cc863', 'fab08335-00da-4c43-bb91-77045a543555', 'a73381f2-4f52-4af9-b080-1dcaaea1c113', 1, 0, 'binaan', '2024-01-18 08:35:54'),
('3c9c4ebb-a80c-4d2b-a1a9-1db2dc1ef40e', '3f7f3573-91a0-4281-a852-fee2d7726cae', 'f44bc4a2-269e-44dd-991f-f42a9f4d09f6', 'd9e705b5-4ef7-4549-9af9-2fc34774ac48', 1, 3, 'jatuhan', '2024-01-17 14:28:37'),
('3e820a7c-1f8c-449f-a638-be64e617022d', 'ef3dd35a-664b-4b81-8033-d24157aeb950', '22fb1763-71c9-4474-a345-0e5fdba84ef4', 'd9e705b5-4ef7-4549-9af9-2fc34774ac48', 1, -5, 'peringatan', '2024-01-16 21:25:23'),
('406c26ce-5b13-4823-9d5c-d00c91db0d74', '194969d7-0d68-469f-9a22-1f3c99957504', '889dad8c-7941-4293-9160-becb4b2b8c95', 'd9e705b5-4ef7-4549-9af9-2fc34774ac48', 2, 3, 'jatuhan', '2024-01-16 21:05:47'),
('4343f58e-4890-400f-b225-35e021d3cac3', 'e8db93c0-9a96-48b2-b9ab-faab6c8844ef', '7e93450d-4fd2-47b8-b7f7-92fdb9484432', 'd9e705b5-4ef7-4549-9af9-2fc34774ac48', 1, 3, 'jatuhan', '2024-01-16 21:10:18'),
('4408dcc1-3e1e-4acc-ad1f-634fda88ecd5', '94bb76c5-fbdf-465f-9fbc-bf6d7c51a98a', '28634827-8a0c-4ea0-b61a-423418d582ea', 'd9e705b5-4ef7-4549-9af9-2fc34774ac48', 1, 3, 'jatuhan', '2024-01-16 20:29:05'),
('45764c94-6832-4ce4-a289-711b7c66828d', 'd2ebfb70-4856-4793-8ce0-305b4a01bf4b', '8da604b6-fe0f-4efa-b40c-da5f96408c12', 'd9e705b5-4ef7-4549-9af9-2fc34774ac48', 1, 3, 'jatuhan', '2024-01-16 21:32:45'),
('496fe6d6-4acc-4fa4-9a64-09cd103db4f3', 'd1d64364-d328-43e7-a18b-adb89f30c6d1', '4e03510b-1793-48b6-b1af-6f3a8cdafa90', 'd9e705b5-4ef7-4549-9af9-2fc34774ac48', 1, 3, 'jatuhan', '2024-01-16 21:18:07'),
('4f2a3cdc-20ae-46dd-8124-e201babaf6e9', '81f48620-f7c6-4c70-ae47-257a4027f9b8', 'fc5399e5-128c-4ce7-a028-d4ccf1058f09', 'a73381f2-4f52-4af9-b080-1dcaaea1c113', 1, -1, 'teguran', '2024-01-29 11:45:07'),
('597789d8-3e29-4330-a8c1-2f76812afb76', '237d8e93-2128-4bb6-b2e4-96cc1f4bbd16', 'cf7b19d4-a8b1-4a4b-a505-8a70f5298002', 'd9e705b5-4ef7-4549-9af9-2fc34774ac48', 1, -5, 'peringatan', '2024-01-17 15:05:06'),
('5a280713-e7d8-478b-94cc-26b005801692', '94bb76c5-fbdf-465f-9fbc-bf6d7c51a98a', '28634827-8a0c-4ea0-b61a-423418d582ea', 'd9e705b5-4ef7-4549-9af9-2fc34774ac48', 1, 3, 'jatuhan', '2024-01-16 20:28:35'),
('5c6183aa-09e1-4a10-868a-dee827c7f300', '81f48620-f7c6-4c70-ae47-257a4027f9b8', 'e6b48aab-0546-4035-918a-6b02eb5f34d7', 'a73381f2-4f52-4af9-b080-1dcaaea1c113', 1, 3, 'jatuhan', '2024-01-18 08:49:13'),
('6039de35-f440-4bf9-b7da-a5dd2dd8d6f2', '81f48620-f7c6-4c70-ae47-257a4027f9b8', 'e6b48aab-0546-4035-918a-6b02eb5f34d7', 'a73381f2-4f52-4af9-b080-1dcaaea1c113', 1, 0, 'binaan', '2024-01-29 11:46:52'),
('62db99b7-8bfe-4b83-931c-ccbc3b28d321', '48d5f2df-2666-4d70-ac24-dde1a9ada6d8', 'f6055ec8-8724-4a9e-92fa-15ac7a0075aa', 'd9e705b5-4ef7-4549-9af9-2fc34774ac48', 2, 3, 'jatuhan', '2024-01-16 20:25:11'),
('69eba971-f575-40b3-b79e-0e638ef6c399', '3d1ed1d1-2660-4a4c-8bf5-bd64c98333a8', '37c7043b-91d4-4e9c-96f3-8038c2dfa18c', 'a73381f2-4f52-4af9-b080-1dcaaea1c113', 1, 3, 'jatuhan', '2024-01-31 13:14:48'),
('733ca0ea-beae-415e-9bbc-07567a5b72bd', 'ef3dd35a-664b-4b81-8033-d24157aeb950', '22fb1763-71c9-4474-a345-0e5fdba84ef4', 'd9e705b5-4ef7-4549-9af9-2fc34774ac48', 1, -10, 'peringatan', '2024-01-16 21:26:41'),
('74f0c90f-1a0b-464e-a84e-78a38e900ac9', '94bb76c5-fbdf-465f-9fbc-bf6d7c51a98a', '28634827-8a0c-4ea0-b61a-423418d582ea', 'd9e705b5-4ef7-4549-9af9-2fc34774ac48', 1, 3, 'jatuhan', '2024-01-16 20:28:20'),
('82170cb0-bec5-4916-b1a3-71abb5a8364d', '3d1ed1d1-2660-4a4c-8bf5-bd64c98333a8', '37c7043b-91d4-4e9c-96f3-8038c2dfa18c', 'a73381f2-4f52-4af9-b080-1dcaaea1c113', 1, 0, 'binaan', '2024-01-31 19:05:06'),
('8466fd5f-c893-4a62-8cff-bdc14ad70361', '194969d7-0d68-469f-9a22-1f3c99957504', '889dad8c-7941-4293-9160-becb4b2b8c95', 'd9e705b5-4ef7-4549-9af9-2fc34774ac48', 2, 3, 'jatuhan', '2024-01-16 21:05:28'),
('86aeaf61-2348-4bf6-ae0b-ae873f521908', '81f48620-f7c6-4c70-ae47-257a4027f9b8', 'fc5399e5-128c-4ce7-a028-d4ccf1058f09', 'a73381f2-4f52-4af9-b080-1dcaaea1c113', 2, 0, 'binaan', '2024-01-30 11:32:54'),
('8b619c4e-1cbb-4124-8a08-a2ebf64b2c2c', '4d46c629-6451-4887-9261-5527a958ca34', '66c61a8d-2870-4244-8372-68840526ea89', 'd9e705b5-4ef7-4549-9af9-2fc34774ac48', 1, 3, 'jatuhan', '2024-01-16 20:05:13'),
('8c7b0622-2ec2-4e44-a9a6-20a23989a0ec', '81f48620-f7c6-4c70-ae47-257a4027f9b8', 'fc5399e5-128c-4ce7-a028-d4ccf1058f09', 'a73381f2-4f52-4af9-b080-1dcaaea1c113', 1, 0, 'binaan', '2024-01-29 11:45:04'),
('8cdd84d1-ebf9-4a03-a061-eb898e0c07d5', '75ff1cd6-f4f3-4f76-8b6f-6dcab342e37d', '82c473b8-fbdf-4028-906f-0edadf4b6054', 'd9e705b5-4ef7-4549-9af9-2fc34774ac48', 2, -1, 'teguran', '2024-01-16 20:50:50'),
('908a16ff-8889-4a4e-9e28-d3558e4e00dd', 'e550844d-5ea8-4a3c-872f-b31030c0dcf9', 'f2e09cb9-ae65-4f4c-8787-37c78018ef16', 'd9e705b5-4ef7-4549-9af9-2fc34774ac48', 1, 3, 'jatuhan', '2024-01-16 20:42:58'),
('983e0df7-e086-4fa9-9cde-acfe36f8ec22', '4d46c629-6451-4887-9261-5527a958ca34', '66c61a8d-2870-4244-8372-68840526ea89', 'd9e705b5-4ef7-4549-9af9-2fc34774ac48', 2, 3, 'jatuhan', '2024-01-16 20:06:53'),
('9d4b211d-855e-489c-bbbf-963a85e9dd6e', '81f48620-f7c6-4c70-ae47-257a4027f9b8', 'e6b48aab-0546-4035-918a-6b02eb5f34d7', 'a73381f2-4f52-4af9-b080-1dcaaea1c113', 1, 3, 'jatuhan', '2024-01-18 08:49:11'),
('9e6c93b3-fc40-480b-b024-90ee60cdfb79', 'd2ebfb70-4856-4793-8ce0-305b4a01bf4b', '8da604b6-fe0f-4efa-b40c-da5f96408c12', 'd9e705b5-4ef7-4549-9af9-2fc34774ac48', 1, 3, 'jatuhan', '2024-01-16 21:31:18'),
('a8e80363-300e-403c-b322-e74122fc6ea4', '194969d7-0d68-469f-9a22-1f3c99957504', '889dad8c-7941-4293-9160-becb4b2b8c95', 'd9e705b5-4ef7-4549-9af9-2fc34774ac48', 1, 3, 'jatuhan', '2024-01-16 21:03:58'),
('acbfd2c0-b893-48c0-afa5-a7c731aa6355', '194969d7-0d68-469f-9a22-1f3c99957504', '889dad8c-7941-4293-9160-becb4b2b8c95', 'd9e705b5-4ef7-4549-9af9-2fc34774ac48', 1, 3, 'jatuhan', '2024-01-16 21:03:41'),
('adc03b94-6195-459c-951c-a37b9cbb8bb3', '136eba5f-078f-4673-ace6-6e4de2adbfbc', '531e1450-326f-476e-ab8a-ff71d0d49ff9', 'd9e705b5-4ef7-4549-9af9-2fc34774ac48', 1, 3, 'jatuhan', '2024-01-17 14:42:20'),
('b12a6a98-a51e-474d-afc4-653f457f4bba', '3d1ed1d1-2660-4a4c-8bf5-bd64c98333a8', '5c7a6b20-59b4-4792-8382-1e22c2faa527', 'a73381f2-4f52-4af9-b080-1dcaaea1c113', 1, 0, 'binaan', '2024-01-31 19:05:08'),
('b4fd0245-4f14-4a31-a63f-c7e218715207', '1ac734b4-7d69-45f1-89d3-e269bb293e50', '97323c88-fc8a-4a2f-830e-dbb6f371373c', 'd9e705b5-4ef7-4549-9af9-2fc34774ac48', 1, 3, 'jatuhan', '2024-01-16 20:54:11'),
('b65ba1cd-b273-4cf7-8e83-69b5338b755d', '1ac734b4-7d69-45f1-89d3-e269bb293e50', '97323c88-fc8a-4a2f-830e-dbb6f371373c', 'd9e705b5-4ef7-4549-9af9-2fc34774ac48', 1, 3, 'jatuhan', '2024-01-16 20:53:44'),
('b74078e2-c157-48fc-a785-da84c7962131', 'd1d64364-d328-43e7-a18b-adb89f30c6d1', '4e03510b-1793-48b6-b1af-6f3a8cdafa90', 'd9e705b5-4ef7-4549-9af9-2fc34774ac48', 2, 3, 'jatuhan', '2024-01-16 21:20:21'),
('bd086bc9-56c0-4ba8-b58b-496b81e2e222', '3d1ed1d1-2660-4a4c-8bf5-bd64c98333a8', '5c7a6b20-59b4-4792-8382-1e22c2faa527', 'a73381f2-4f52-4af9-b080-1dcaaea1c113', 1, 3, 'jatuhan', '2024-01-31 13:14:38'),
('bdc91ab3-8b50-4528-a634-54c5c0006764', 'd2ebfb70-4856-4793-8ce0-305b4a01bf4b', '8da604b6-fe0f-4efa-b40c-da5f96408c12', 'd9e705b5-4ef7-4549-9af9-2fc34774ac48', 2, 3, 'jatuhan', '2024-01-16 21:34:29'),
('c286ceec-5f2e-492f-90bc-157e489743c3', 'c19d8876-a2da-4c28-ab2f-3ddd0105fdc1', 'd9558b7c-2629-49fd-a6e0-9cb19197a4dd', 'd9e705b5-4ef7-4549-9af9-2fc34774ac48', 2, 0, 'binaan', '2024-01-17 15:20:58'),
('c558a457-86ae-4d9a-9fe7-98e5ce7118d1', '02598eb4-9c75-4e2f-8803-bd373e1cc863', '84855134-8a16-485c-a6c9-3c56c4212bb3', 'a73381f2-4f52-4af9-b080-1dcaaea1c113', 1, 3, 'jatuhan', '2024-01-18 08:35:50'),
('c8aa37a5-ea20-4239-9c06-f8672a0ed64f', '81f48620-f7c6-4c70-ae47-257a4027f9b8', 'fc5399e5-128c-4ce7-a028-d4ccf1058f09', 'a73381f2-4f52-4af9-b080-1dcaaea1c113', 1, 0, 'binaan', '2024-01-29 11:44:58'),
('d06c9eca-0306-43d5-a735-99ec8227edeb', '02598eb4-9c75-4e2f-8803-bd373e1cc863', '84855134-8a16-485c-a6c9-3c56c4212bb3', 'd9e705b5-4ef7-4549-9af9-2fc34774ac48', 1, -1, 'teguran', '2024-01-17 15:09:52'),
('d4c8e20e-ecb6-43cd-9e55-fd9eb9e34541', 'c19d8876-a2da-4c28-ab2f-3ddd0105fdc1', '28634827-8a0c-4ea0-b61a-423418d582ea', 'a73381f2-4f52-4af9-b080-1dcaaea1c113', 2, -1, 'teguran', '2024-01-18 14:11:57'),
('d93dacf8-6cfc-457e-b110-1406a8e4b3b5', '02598eb4-9c75-4e2f-8803-bd373e1cc863', '84855134-8a16-485c-a6c9-3c56c4212bb3', 'd9e705b5-4ef7-4549-9af9-2fc34774ac48', 2, -1, 'teguran', '2024-01-17 15:11:41'),
('df8630e1-2cae-4c5a-b06a-1180fe298ec8', 'c19d8876-a2da-4c28-ab2f-3ddd0105fdc1', '28634827-8a0c-4ea0-b61a-423418d582ea', 'a73381f2-4f52-4af9-b080-1dcaaea1c113', 1, 0, 'binaan', '2024-01-18 14:08:38'),
('e24e738e-0569-456a-b83f-b9938dc21565', '237d8e93-2128-4bb6-b2e4-96cc1f4bbd16', 'f6055ec8-8724-4a9e-92fa-15ac7a0075aa', 'd9e705b5-4ef7-4549-9af9-2fc34774ac48', 1, -5, 'peringatan', '2024-01-17 15:05:08'),
('e3178989-9b2c-4b47-aa0a-f02407ce0a34', 'c7c39275-1133-4386-b640-eab8a97968ca', '8c4251e0-2cbb-42c5-8466-290c480d9338', 'd9e705b5-4ef7-4549-9af9-2fc34774ac48', 2, 0, 'binaan', '2024-01-16 20:38:12'),
('e5ba4a77-211f-4401-bd8f-cb6760971356', 'd1d5353c-d1da-474a-afed-5927f8c9a289', '2e0342b7-ea1b-41ef-87ce-221fbc0aa854', 'd9e705b5-4ef7-4549-9af9-2fc34774ac48', 1, 3, 'jatuhan', '2024-01-16 20:58:10'),
('edf607e3-a9b0-4bf9-bad5-3f905da538f4', '194969d7-0d68-469f-9a22-1f3c99957504', 'db4079d9-206a-4273-8fc9-892b3c9543f2', 'd9e705b5-4ef7-4549-9af9-2fc34774ac48', 1, 3, 'jatuhan', '2024-01-16 21:03:28'),
('eef20e7e-9edd-4410-93e0-58f97856b3a9', '81f48620-f7c6-4c70-ae47-257a4027f9b8', 'e6b48aab-0546-4035-918a-6b02eb5f34d7', 'a73381f2-4f52-4af9-b080-1dcaaea1c113', 2, -1, 'teguran', '2024-01-29 11:47:14');

-- --------------------------------------------------------

--
-- Table structure for table `nilai`
--

CREATE TABLE `nilai` (
  `id_nilai` varchar(100) NOT NULL,
  `id_tanding` varchar(100) NOT NULL,
  `id_wasit` varchar(100) NOT NULL,
  `id_peserta` varchar(100) NOT NULL,
  `babak` int(11) NOT NULL,
  `skor` int(11) NOT NULL,
  `ket` varchar(20) NOT NULL,
  `waktu` time NOT NULL,
  `timer` bigint(20) NOT NULL,
  `status` enum('proses','gagal','pakai') NOT NULL
) ENGINE=InnoDB DEFAULT CHARSET=utf8mb4 COLLATE=utf8mb4_general_ci;

--
-- Dumping data for table `nilai`
--

INSERT INTO `nilai` (`id_nilai`, `id_tanding`, `id_wasit`, `id_peserta`, `babak`, `skor`, `ket`, `waktu`, `timer`, `status`) VALUES
('001d8b02-1928-4f38-8d8a-79952c306f76', 'ef3dd35a-664b-4b81-8033-d24157aeb950', '736508aa-9cdc-4055-8314-9988b4cb824f', '22fb1763-71c9-4474-a345-0e5fdba84ef4', 1, 2, 'Tendangan', '07:10:27', 1706659827609, 'gagal'),
('00756e34-f5eb-4317-ad2d-d41515d1e771', '237d8e93-2128-4bb6-b2e4-96cc1f4bbd16', '538dcb20-bc30-4a2b-a430-556133ffef55', 'f6055ec8-8724-4a9e-92fa-15ac7a0075aa', 1, 2, 'Tendangan', '15:04:29', 1705478669150, 'gagal'),
('007ca4bf-0aed-47b1-aa66-3d9c7def85b5', '48d5f2df-2666-4d70-ac24-dde1a9ada6d8', '234f9989-2f78-4642-bb97-7e5e99cc2fee', 'f6055ec8-8724-4a9e-92fa-15ac7a0075aa', 1, 2, 'Tendangan', '20:20:10', 1705411210457, 'gagal'),
('00836095-ad99-4f19-ac85-a2b1817d8b6d', 'c19d8876-a2da-4c28-ab2f-3ddd0105fdc1', '1b3e0134-4751-47d0-b336-ff0109c188b6', 'd9558b7c-2629-49fd-a6e0-9cb19197a4dd', 2, 1, 'Pukulan', '14:49:01', 1705564141464, 'gagal'),
('0110d492-4bc6-45b0-aa28-c40fdf5a1a07', '81f48620-f7c6-4c70-ae47-257a4027f9b8', '1b0097e7-befc-404f-902e-1f5fbce1e659', 'fc5399e5-128c-4ce7-a028-d4ccf1058f09', 1, 1, 'Pukulan', '15:38:02', 1706603882666, 'gagal'),
('02b07b7d-f7b4-474e-ba05-e73d55822bbe', '81f48620-f7c6-4c70-ae47-257a4027f9b8', '234f9989-2f78-4642-bb97-7e5e99cc2fee', 'e6b48aab-0546-4035-918a-6b02eb5f34d7', 2, 2, 'Tendangan', '15:13:18', 1706602398380, 'pakai'),
('03157a5c-9bbc-4cd8-b282-ad5ed99f2406', '94bb76c5-fbdf-465f-9fbc-bf6d7c51a98a', 'e91e6bee-4207-45dc-bc7f-a741c112838b', '28634827-8a0c-4ea0-b61a-423418d582ea', 1, 2, 'Tendangan', '20:28:43', 1705411723346, 'pakai'),
('038d69a3-8873-4c79-a140-6f8426c9d6f9', 'd1d5353c-d1da-474a-afed-5927f8c9a289', '516aa764-f6f6-4925-9eb9-4aba53ad283c', '2e0342b7-ea1b-41ef-87ce-221fbc0aa854', 2, 2, 'Tendangan', '20:59:52', 1705413592645, 'pakai'),
('03f473c9-df82-45f5-8ecd-6f94cfb32eb9', 'c7c39275-1133-4386-b640-eab8a97968ca', '93704298-cd07-4d01-ad81-37eb2aa24006', '8c4251e0-2cbb-42c5-8466-290c480d9338', 2, 1, 'Pukulan', '20:38:54', 1705412334952, 'pakai'),
('0420f314-30ac-40db-8c53-f8df6b20dc25', 'ef3dd35a-664b-4b81-8033-d24157aeb950', '736508aa-9cdc-4055-8314-9988b4cb824f', '22fb1763-71c9-4474-a345-0e5fdba84ef4', 1, 1, 'Pukulan', '07:13:40', 1706660020854, 'gagal'),
('045fb29c-90a5-49a7-9bf0-eed4f819ed06', 'ef3dd35a-664b-4b81-8033-d24157aeb950', '736508aa-9cdc-4055-8314-9988b4cb824f', '22fb1763-71c9-4474-a345-0e5fdba84ef4', 1, 1, 'Pukulan', '07:09:39', 1706659779423, 'gagal'),
('04b90b5e-cd1c-4e1c-95dc-d8d2309706bb', 'c19d8876-a2da-4c28-ab2f-3ddd0105fdc1', 'e399208c-4931-4751-b290-6fe51f8f4458', 'd9558b7c-2629-49fd-a6e0-9cb19197a4dd', 1, 2, 'Tendangan', '15:19:21', 1705479561695, 'gagal'),
('05459f7b-76f8-472b-9004-649b8aa8e4b4', 'd1d5353c-d1da-474a-afed-5927f8c9a289', '516aa764-f6f6-4925-9eb9-4aba53ad283c', '2e0342b7-ea1b-41ef-87ce-221fbc0aa854', 2, 2, 'Tendangan', '20:59:59', 1705413599445, 'gagal'),
('05a310d7-bb20-4c7b-b20a-6c91b941b7ac', '75ff1cd6-f4f3-4f76-8b6f-6dcab342e37d', '93704298-cd07-4d01-ad81-37eb2aa24006', '82c473b8-fbdf-4028-906f-0edadf4b6054', 1, 2, 'Tendangan', '20:48:09', 1705412889983, 'pakai'),
('066c5923-9886-4c35-965a-c05d79017e62', 'e8db93c0-9a96-48b2-b9ab-faab6c8844ef', 'e399208c-4931-4751-b290-6fe51f8f4458', '3afb54a2-4978-4144-8479-8ada021a05dd', 1, 1, 'Pukulan', '21:10:26', 1705414226722, 'pakai'),
('0899706c-c3b3-43b8-9fcb-161499f4d96f', '6a5b701b-cf66-4657-a21a-dcc7fa4b3bea', '538dcb20-bc30-4a2b-a430-556133ffef55', 'd032f515-70c4-4f6b-a755-5f72e420901f', 1, 2, 'Tendangan', '14:56:23', 1705478183273, 'pakai'),
('08e851dd-4bcc-4032-bdf4-eab187ee30c7', '02598eb4-9c75-4e2f-8803-bd373e1cc863', '736508aa-9cdc-4055-8314-9988b4cb824f', '84855134-8a16-485c-a6c9-3c56c4212bb3', 2, 2, 'Tendangan', '15:11:54', 1705479114402, 'pakai'),
('095acd1b-22b6-46d7-a4a7-e78f86c81865', 'c19d8876-a2da-4c28-ab2f-3ddd0105fdc1', 'e399208c-4931-4751-b290-6fe51f8f4458', '28634827-8a0c-4ea0-b61a-423418d582ea', 1, 2, 'Tendangan', '15:19:22', 1705479562596, 'gagal'),
('096b5882-274d-48ab-9205-132d5ac0d17e', '237d8e93-2128-4bb6-b2e4-96cc1f4bbd16', '736508aa-9cdc-4055-8314-9988b4cb824f', 'f6055ec8-8724-4a9e-92fa-15ac7a0075aa', 2, 2, 'Tendangan', '15:06:40', 1705478800909, 'pakai'),
('09846742-9aae-4e31-8ca8-63342d4185d4', 'c19d8876-a2da-4c28-ab2f-3ddd0105fdc1', 'e399208c-4931-4751-b290-6fe51f8f4458', 'd9558b7c-2629-49fd-a6e0-9cb19197a4dd', 2, 1, 'Pukulan', '15:20:58', 1705479658958, 'pakai'),
('09a6737b-f92f-4e89-af8a-7aa45d542223', '81f48620-f7c6-4c70-ae47-257a4027f9b8', '234f9989-2f78-4642-bb97-7e5e99cc2fee', 'e6b48aab-0546-4035-918a-6b02eb5f34d7', 3, 2, 'Tendangan', '15:16:46', 1706602606236, 'pakai'),
('09ae2742-3771-4cd6-b590-be8d43da0275', '02598eb4-9c75-4e2f-8803-bd373e1cc863', '93704298-cd07-4d01-ad81-37eb2aa24006', 'fab08335-00da-4c43-bb91-77045a543555', 1, 2, 'Tendangan', '15:09:06', 1705478946842, 'pakai'),
('09f39105-165d-4138-a198-fdd7ea1fba54', 'ef3dd35a-664b-4b81-8033-d24157aeb950', '736508aa-9cdc-4055-8314-9988b4cb824f', '34ca16bb-3937-4d68-bec9-4ef1dcd06340', 1, 2, 'Tendangan', '07:13:45', 1706660025671, 'gagal'),
('0a7ebb88-6f6b-4a0b-b80b-089579548384', '81f48620-f7c6-4c70-ae47-257a4027f9b8', '1b0097e7-befc-404f-902e-1f5fbce1e659', 'fc5399e5-128c-4ce7-a028-d4ccf1058f09', 2, 1, 'Pukulan', '15:18:04', 1706602684541, 'gagal'),
('0abdb214-fa7a-441c-9157-4e7452641bca', '0a51af79-018a-45b0-bc80-466012ce7182', 'e91e6bee-4207-45dc-bc7f-a741c112838b', '12903ec2-e8d5-47ff-8724-da8a04ae6026', 1, 2, 'Tendangan', '20:11:10', 1705410670062, 'gagal'),
('0ad0ede1-3bc4-4528-bfa8-6fa2c1b181f4', 'c19d8876-a2da-4c28-ab2f-3ddd0105fdc1', 'e399208c-4931-4751-b290-6fe51f8f4458', '28634827-8a0c-4ea0-b61a-423418d582ea', 1, 2, 'Tendangan', '15:19:00', 1705479540035, 'gagal'),
('0bd22944-b289-4f1f-932a-eb4393946b4a', 'c19d8876-a2da-4c28-ab2f-3ddd0105fdc1', 'e399208c-4931-4751-b290-6fe51f8f4458', 'd9558b7c-2629-49fd-a6e0-9cb19197a4dd', 1, 1, 'Pukulan', '15:19:16', 1705479556843, 'pakai'),
('0c2e4da6-dbdb-4958-a423-fd9c59d87414', '0a51af79-018a-45b0-bc80-466012ce7182', 'e399208c-4931-4751-b290-6fe51f8f4458', '12903ec2-e8d5-47ff-8724-da8a04ae6026', 1, 2, 'Tendangan', '20:11:27', 1705410687998, 'pakai'),
('0cb5ac77-4dc0-4d8c-8825-ceffa8856dfc', 'ef3dd35a-664b-4b81-8033-d24157aeb950', '736508aa-9cdc-4055-8314-9988b4cb824f', '34ca16bb-3937-4d68-bec9-4ef1dcd06340', 1, 1, 'Pukulan', '21:25:58', 1705415158934, 'gagal'),
('0cb790e1-3cff-495b-8d3a-bd74ff781ea8', '81f48620-f7c6-4c70-ae47-257a4027f9b8', '1b0097e7-befc-404f-902e-1f5fbce1e659', 'fc5399e5-128c-4ce7-a028-d4ccf1058f09', 1, 2, 'Tendangan', '15:38:00', 1706603880076, 'gagal'),
('0ce9db6e-15b3-4129-b115-018bc1a5bac8', '4d46c629-6451-4887-9261-5527a958ca34', 'e91e6bee-4207-45dc-bc7f-a741c112838b', '66c61a8d-2870-4244-8372-68840526ea89', 1, 2, 'Tendangan', '20:05:02', 1705410302259, 'gagal'),
('0cfa789f-bb5d-410d-ae53-a79eabc5a757', '0a51af79-018a-45b0-bc80-466012ce7182', '234f9989-2f78-4642-bb97-7e5e99cc2fee', '12903ec2-e8d5-47ff-8724-da8a04ae6026', 2, 2, 'Tendangan', '20:12:57', 1705410777878, 'pakai'),
('0d195f9e-7c5b-44ba-ab0e-5f1c1546288b', '136eba5f-078f-4673-ace6-6e4de2adbfbc', '538dcb20-bc30-4a2b-a430-556133ffef55', '531e1450-326f-476e-ab8a-ff71d0d49ff9', 1, 1, 'Pukulan', '14:42:29', 1705477349803, 'gagal'),
('0d1ea15d-e034-440c-bbcc-26db79676963', 'c19d8876-a2da-4c28-ab2f-3ddd0105fdc1', 'e399208c-4931-4751-b290-6fe51f8f4458', 'd9558b7c-2629-49fd-a6e0-9cb19197a4dd', 2, 1, 'Pukulan', '15:21:25', 1705479685396, 'gagal'),
('0d1ed802-1a1e-46a9-b160-2081acde04ec', '75ff1cd6-f4f3-4f76-8b6f-6dcab342e37d', '6717bd20-cac4-491c-a55e-dfcac8c3b0b5', '82c473b8-fbdf-4028-906f-0edadf4b6054', 1, 1, 'Pukulan', '20:48:33', 1705412913160, 'pakai'),
('0dc3b616-f476-4bdd-b9bc-c8e139587fe5', '6a5b701b-cf66-4657-a21a-dcc7fa4b3bea', '736508aa-9cdc-4055-8314-9988b4cb824f', '6717ef3a-bee0-4a6f-88e6-ed8ecf6b6068', 2, 1, 'Pukulan', '14:57:23', 1705478243383, 'gagal'),
('0df96d58-22cc-4e5d-a87e-ed62db47c5b0', 'd1d5353c-d1da-474a-afed-5927f8c9a289', '2edcfb53-4a78-4103-85ae-2076afe83019', 'a1d62779-e810-4fc5-95d6-4932539131f8', 2, 1, 'Pukulan', '21:00:25', 1705413625627, 'pakai'),
('0e57ee8a-9cfc-457b-b051-ad506d63fe57', '9e56db5d-74af-49dc-bd85-bc414dfe8fd8', '736508aa-9cdc-4055-8314-9988b4cb824f', 'ffcc39a8-7ef2-488a-ab85-0551297e95bd', 1, 2, 'Tendangan', '20:20:29', 1705411229788, 'pakai'),
('0ea4933a-d94e-47d9-8dde-01c6d470e741', '81f48620-f7c6-4c70-ae47-257a4027f9b8', '1b0097e7-befc-404f-902e-1f5fbce1e659', 'fc5399e5-128c-4ce7-a028-d4ccf1058f09', 1, 1, 'Pukulan', '17:28:24', 1706610504687, 'gagal'),
('0edeeed7-147e-4f15-8e27-cd4f93d3125f', '81f48620-f7c6-4c70-ae47-257a4027f9b8', '1b0097e7-befc-404f-902e-1f5fbce1e659', 'fc5399e5-128c-4ce7-a028-d4ccf1058f09', 1, 1, 'Pukulan', '17:35:10', 1706610910132, 'gagal'),
('0fca4f6b-5357-4b9c-bf71-b952686ad7e1', '4d46c629-6451-4887-9261-5527a958ca34', '736508aa-9cdc-4055-8314-9988b4cb824f', '66c61a8d-2870-4244-8372-68840526ea89', 1, 1, 'Pukulan', '20:05:22', 1705410322338, 'pakai'),
('0fdf6ad4-766e-452c-a83e-ea5cddae93aa', '136eba5f-078f-4673-ace6-6e4de2adbfbc', '93704298-cd07-4d01-ad81-37eb2aa24006', '531e1450-326f-476e-ab8a-ff71d0d49ff9', 1, 1, 'Pukulan', '14:42:00', 1705477320161, 'pakai'),
('102a93a5-7886-41fc-9965-e67fa394b854', '194969d7-0d68-469f-9a22-1f3c99957504', '2edcfb53-4a78-4103-85ae-2076afe83019', 'db4079d9-206a-4273-8fc9-892b3c9543f2', 1, 2, 'Tendangan', '21:03:13', 1705413793570, 'pakai'),
('1045ee7d-0e5e-4ae7-abf6-8eb104374612', '4d46c629-6451-4887-9261-5527a958ca34', '736508aa-9cdc-4055-8314-9988b4cb824f', '66c61a8d-2870-4244-8372-68840526ea89', 2, 1, 'Pukulan', '20:07:07', 1705410427818, 'pakai'),
('106712c2-c5b6-4e40-9cd6-0f63e0e39f99', '48d5f2df-2666-4d70-ac24-dde1a9ada6d8', 'e399208c-4931-4751-b290-6fe51f8f4458', '335984a1-5e5a-49be-8cfa-eb648e0cc515', 2, 1, 'Pukulan', '20:25:32', 1705411532798, 'pakai'),
('109c0529-34e1-4eed-9f10-041b0333e1a7', 'ef3dd35a-664b-4b81-8033-d24157aeb950', '234f9989-2f78-4642-bb97-7e5e99cc2fee', '34ca16bb-3937-4d68-bec9-4ef1dcd06340', 1, 2, 'Tendangan', '21:25:11', 1705415111151, 'pakai'),
('10ae37c6-6721-4398-8dce-86337df8d6d8', '02598eb4-9c75-4e2f-8803-bd373e1cc863', '234f9989-2f78-4642-bb97-7e5e99cc2fee', 'fab08335-00da-4c43-bb91-77045a543555', 1, 2, 'Tendangan', '15:10:09', 1705479009658, 'pakai'),
('10b8d6ad-f8ce-493b-856f-65743229c307', '4d46c629-6451-4887-9261-5527a958ca34', '234f9989-2f78-4642-bb97-7e5e99cc2fee', '55753637-757b-455d-9fde-31ccecb9f831', 2, 1, 'Pukulan', '20:07:25', 1705410445965, 'pakai'),
('11048676-ea25-47f6-a196-f177da07fd63', '81f48620-f7c6-4c70-ae47-257a4027f9b8', '1b0097e7-befc-404f-902e-1f5fbce1e659', 'fc5399e5-128c-4ce7-a028-d4ccf1058f09', 3, 1, 'Pukulan', '15:37:09', 1706603829672, 'gagal'),
('113aecea-2c04-4490-8e53-f62e4bf7f68a', '02598eb4-9c75-4e2f-8803-bd373e1cc863', '736508aa-9cdc-4055-8314-9988b4cb824f', '84855134-8a16-485c-a6c9-3c56c4212bb3', 1, 1, 'Pukulan', '15:10:01', 1705479001536, 'gagal'),
('117ef87e-18fd-4b9e-a219-da2285154ac6', '81f48620-f7c6-4c70-ae47-257a4027f9b8', '1b0097e7-befc-404f-902e-1f5fbce1e659', 'fc5399e5-128c-4ce7-a028-d4ccf1058f09', 3, 2, 'Tendangan', '15:37:05', 1706603825971, 'gagal'),
('11831c2e-5ea1-4fa3-b150-a4756d366025', '1ac734b4-7d69-45f1-89d3-e269bb293e50', '538dcb20-bc30-4a2b-a430-556133ffef55', 'b6f03624-1f59-43fe-a005-b2626cb56952', 1, 1, 'Pukulan', '20:53:52', 1705413232625, 'pakai'),
('119ee579-2321-40c0-af55-6efd445c7fa2', '81f48620-f7c6-4c70-ae47-257a4027f9b8', '1b0097e7-befc-404f-902e-1f5fbce1e659', 'fc5399e5-128c-4ce7-a028-d4ccf1058f09', 1, 1, 'Pukulan', '15:38:03', 1706603883386, 'gagal'),
('11a8594d-b7e2-414a-8226-5ef600d8ba80', 'd1d5353c-d1da-474a-afed-5927f8c9a289', '2edcfb53-4a78-4103-85ae-2076afe83019', 'a1d62779-e810-4fc5-95d6-4932539131f8', 1, 2, 'Tendangan', '20:58:41', 1705413521186, 'pakai'),
('12327e27-3f6e-4234-802e-f79b1bd0c42a', '94bb76c5-fbdf-465f-9fbc-bf6d7c51a98a', '736508aa-9cdc-4055-8314-9988b4cb824f', '28634827-8a0c-4ea0-b61a-423418d582ea', 1, 2, 'Tendangan', '20:28:15', 1705411695387, 'pakai'),
('1284c65b-af6e-47f8-8d1a-48d3a26cd826', '237d8e93-2128-4bb6-b2e4-96cc1f4bbd16', '538dcb20-bc30-4a2b-a430-556133ffef55', 'f6055ec8-8724-4a9e-92fa-15ac7a0075aa', 1, 1, 'Pukulan', '15:04:42', 1705478682948, 'gagal'),
('12c47e15-2ba2-41db-8727-07c73e4b6c52', '81f48620-f7c6-4c70-ae47-257a4027f9b8', '1b0097e7-befc-404f-902e-1f5fbce1e659', 'fc5399e5-128c-4ce7-a028-d4ccf1058f09', 3, 2, 'Tendangan', '15:37:13', 1706603833903, 'gagal'),
('13587e65-14f9-4a52-9824-a4455cdeaa46', '0a51af79-018a-45b0-bc80-466012ce7182', 'e399208c-4931-4751-b290-6fe51f8f4458', '12903ec2-e8d5-47ff-8724-da8a04ae6026', 1, 2, 'Tendangan', '20:11:07', 1705410667660, 'pakai'),
('13d01148-1eb8-4f48-a0c2-9aa60fe59771', '81f48620-f7c6-4c70-ae47-257a4027f9b8', '1b0097e7-befc-404f-902e-1f5fbce1e659', 'fc5399e5-128c-4ce7-a028-d4ccf1058f09', 2, 2, 'Tendangan', '15:10:31', 1706602231828, 'gagal'),
('13f9d182-5967-4a35-b4d1-b3e9a890eab0', '9e56db5d-74af-49dc-bd85-bc414dfe8fd8', 'e399208c-4931-4751-b290-6fe51f8f4458', '23c25ec4-f527-40f8-aec6-0f5b53025244', 1, 1, 'Pukulan', '20:19:45', 1705411185113, 'gagal'),
('14d30c2a-31b6-41ca-8511-172fee9772cb', 'd1d5353c-d1da-474a-afed-5927f8c9a289', '2edcfb53-4a78-4103-85ae-2076afe83019', '2e0342b7-ea1b-41ef-87ce-221fbc0aa854', 2, 2, 'Tendangan', '21:00:19', 1705413619257, 'pakai'),
('14f43598-fb20-4c07-8242-59b96b9a52a2', 'c7c39275-1133-4386-b640-eab8a97968ca', '538dcb20-bc30-4a2b-a430-556133ffef55', '8c4251e0-2cbb-42c5-8466-290c480d9338', 1, 1, 'Pukulan', '20:36:46', 1705412206613, 'gagal'),
('14fe6606-4056-4fdb-a572-a87d646fa7f1', '6a5b701b-cf66-4657-a21a-dcc7fa4b3bea', '538dcb20-bc30-4a2b-a430-556133ffef55', '6717ef3a-bee0-4a6f-88e6-ed8ecf6b6068', 1, 2, 'Tendangan', '14:55:47', 1705478147351, 'pakai'),
('155a8106-2e84-4ffd-bc76-c1cf795ff235', '4d46c629-6451-4887-9261-5527a958ca34', 'e91e6bee-4207-45dc-bc7f-a741c112838b', '66c61a8d-2870-4244-8372-68840526ea89', 2, 1, 'Pukulan', '20:06:43', 1705410403427, 'pakai'),
('16d99201-26d6-40e8-80f8-07a0473aee72', 'ef3dd35a-664b-4b81-8033-d24157aeb950', '234f9989-2f78-4642-bb97-7e5e99cc2fee', '34ca16bb-3937-4d68-bec9-4ef1dcd06340', 1, 1, 'Pukulan', '21:24:45', 1705415085299, 'pakai'),
('17c03284-f81b-4212-a69a-944fb3e8e0ed', '81f48620-f7c6-4c70-ae47-257a4027f9b8', '1b0097e7-befc-404f-902e-1f5fbce1e659', 'e6b48aab-0546-4035-918a-6b02eb5f34d7', 1, 1, 'Pukulan', '08:23:28', 1705800208512, 'gagal'),
('1807e4d5-5944-4000-80c5-a5bb103c21fd', '81f48620-f7c6-4c70-ae47-257a4027f9b8', '1b0097e7-befc-404f-902e-1f5fbce1e659', 'fc5399e5-128c-4ce7-a028-d4ccf1058f09', 1, 2, 'Tendangan', '15:38:03', 1706603883071, 'gagal'),
('182c3d0a-d37f-4232-8bb3-81f5f3a59a63', '4d46c629-6451-4887-9261-5527a958ca34', 'e91e6bee-4207-45dc-bc7f-a741c112838b', '55753637-757b-455d-9fde-31ccecb9f831', 2, 1, 'Pukulan', '20:07:26', 1705410446196, 'pakai'),
('188b5c6a-e7ed-444d-a090-3b0fe9901624', 'ef3dd35a-664b-4b81-8033-d24157aeb950', '736508aa-9cdc-4055-8314-9988b4cb824f', '22fb1763-71c9-4474-a345-0e5fdba84ef4', 1, 2, 'Tendangan', '07:10:43', 1706659843259, 'gagal'),
('19bc63ed-54bb-4fde-81c1-fae1bdc917aa', 'c7c39275-1133-4386-b640-eab8a97968ca', '6717bd20-cac4-491c-a55e-dfcac8c3b0b5', '090f95b6-336f-4e82-8afd-44ec65288e1a', 1, 1, 'Pukulan', '20:36:21', 1705412181906, 'gagal'),
('19c12dc0-1ae6-4d6c-a1c7-73954d0c2105', '1ac734b4-7d69-45f1-89d3-e269bb293e50', 'e1ca0783-05ba-4f1a-9206-e1497a4ec065', 'b6f03624-1f59-43fe-a005-b2626cb56952', 1, 1, 'Pukulan', '20:53:53', 1705413233058, 'pakai'),
('1a08e887-e7ef-44bc-8b0c-b44367ec2386', '81f48620-f7c6-4c70-ae47-257a4027f9b8', '1b0097e7-befc-404f-902e-1f5fbce1e659', 'fc5399e5-128c-4ce7-a028-d4ccf1058f09', 1, 2, 'Tendangan', '08:27:15', 1705800435584, 'gagal'),
('1b4abc71-1244-4060-9d4b-6953f1377d28', 'd1d5353c-d1da-474a-afed-5927f8c9a289', '516aa764-f6f6-4925-9eb9-4aba53ad283c', '2e0342b7-ea1b-41ef-87ce-221fbc0aa854', 1, 2, 'Tendangan', '20:58:22', 1705413502142, 'gagal'),
('1bab33aa-0433-4f53-8b6e-c86463f80c48', '81f48620-f7c6-4c70-ae47-257a4027f9b8', '1b0097e7-befc-404f-902e-1f5fbce1e659', 'fc5399e5-128c-4ce7-a028-d4ccf1058f09', 3, 2, 'Tendangan', '15:37:06', 1706603826890, 'gagal'),
('1bdf0d38-e5fc-4ded-9f6e-d02e5e43589e', 'd1d5353c-d1da-474a-afed-5927f8c9a289', '2edcfb53-4a78-4103-85ae-2076afe83019', 'a1d62779-e810-4fc5-95d6-4932539131f8', 2, 1, 'Pukulan', '21:00:37', 1705413637754, 'gagal'),
('1c018250-229f-404b-99a6-dccdbabf3a15', '6a5b701b-cf66-4657-a21a-dcc7fa4b3bea', '538dcb20-bc30-4a2b-a430-556133ffef55', '6717ef3a-bee0-4a6f-88e6-ed8ecf6b6068', 1, 1, 'Pukulan', '14:56:22', 1705478182574, 'gagal'),
('1dcf82f2-09ce-4944-95a3-8e2b54afbe6e', '48d5f2df-2666-4d70-ac24-dde1a9ada6d8', '736508aa-9cdc-4055-8314-9988b4cb824f', '335984a1-5e5a-49be-8cfa-eb648e0cc515', 2, 2, 'Tendangan', '20:25:30', 1705411530473, 'pakai'),
('1e6233e2-43e7-44ad-a888-fe358e311947', '02598eb4-9c75-4e2f-8803-bd373e1cc863', '93704298-cd07-4d01-ad81-37eb2aa24006', '84855134-8a16-485c-a6c9-3c56c4212bb3', 1, 2, 'Tendangan', '15:10:01', 1705479001140, 'pakai'),
('1e89cb03-9e59-4b97-ba50-5371e5c22861', 'e8db93c0-9a96-48b2-b9ab-faab6c8844ef', 'e399208c-4931-4751-b290-6fe51f8f4458', '3afb54a2-4978-4144-8479-8ada021a05dd', 1, 1, 'Pukulan', '21:09:30', 1705414170502, 'gagal'),
('1e9bb509-a676-45eb-ae60-666acf405cea', 'ef3dd35a-664b-4b81-8033-d24157aeb950', '736508aa-9cdc-4055-8314-9988b4cb824f', '34ca16bb-3937-4d68-bec9-4ef1dcd06340', 1, 2, 'Tendangan', '07:10:41', 1706659841169, 'gagal'),
('1f27a610-2fa8-49bf-be66-72c8808ba26f', '1ac734b4-7d69-45f1-89d3-e269bb293e50', 'e1ca0783-05ba-4f1a-9206-e1497a4ec065', '97323c88-fc8a-4a2f-830e-dbb6f371373c', 1, 2, 'Tendangan', '20:54:06', 1705413246066, 'pakai'),
('1f4bf989-e3b9-414c-ad23-b2a26c6cb2b0', '81f48620-f7c6-4c70-ae47-257a4027f9b8', '1b0097e7-befc-404f-902e-1f5fbce1e659', 'e6b48aab-0546-4035-918a-6b02eb5f34d7', 3, 2, 'Tendangan', '15:16:47', 1706602607150, 'pakai'),
('1fb2bbf5-11cb-4cbd-a017-e095f580995c', '4d46c629-6451-4887-9261-5527a958ca34', 'e91e6bee-4207-45dc-bc7f-a741c112838b', '55753637-757b-455d-9fde-31ccecb9f831', 1, 1, 'Pukulan', '20:04:54', 1705410294160, 'pakai'),
('20342b50-c1d4-440f-afe4-3af2d9827da3', 'ef3dd35a-664b-4b81-8033-d24157aeb950', '736508aa-9cdc-4055-8314-9988b4cb824f', '22fb1763-71c9-4474-a345-0e5fdba84ef4', 1, 2, 'Tendangan', '07:13:47', 1706660027771, 'gagal'),
('20db76de-0d0b-4c5b-b79e-f7dd4bd2c5f6', 'd1d64364-d328-43e7-a18b-adb89f30c6d1', '2edcfb53-4a78-4103-85ae-2076afe83019', '4e03510b-1793-48b6-b1af-6f3a8cdafa90', 2, 2, 'Tendangan', '21:20:11', 1705414811008, 'gagal'),
('20ea1102-ccb8-4539-ac92-7e42c8160f3b', '81f48620-f7c6-4c70-ae47-257a4027f9b8', '1b0097e7-befc-404f-902e-1f5fbce1e659', 'fc5399e5-128c-4ce7-a028-d4ccf1058f09', 2, 1, 'Pukulan', '15:18:06', 1706602686119, 'gagal'),
('21650748-19f9-48e7-83f5-7b832b74332b', '237d8e93-2128-4bb6-b2e4-96cc1f4bbd16', '538dcb20-bc30-4a2b-a430-556133ffef55', 'cf7b19d4-a8b1-4a4b-a505-8a70f5298002', 1, 1, 'Pukulan', '15:04:42', 1705478682013, 'gagal'),
('21ecf639-ff99-4923-bc67-1765e75b3093', 'e550844d-5ea8-4a3c-872f-b31030c0dcf9', '538dcb20-bc30-4a2b-a430-556133ffef55', 'f2e09cb9-ae65-4f4c-8787-37c78018ef16', 1, 1, 'Pukulan', '20:42:31', 1705412551498, 'gagal'),
('23cba3ee-a7fe-4a05-8863-e4135f678ee2', 'c19d8876-a2da-4c28-ab2f-3ddd0105fdc1', '1b3e0134-4751-47d0-b336-ff0109c188b6', 'd9558b7c-2629-49fd-a6e0-9cb19197a4dd', 1, 1, 'Pukulan', '15:19:17', 1705479557422, 'pakai'),
('23f3ca67-124d-4dc4-b562-8b4e30d9b1ad', 'c7c39275-1133-4386-b640-eab8a97968ca', '6717bd20-cac4-491c-a55e-dfcac8c3b0b5', '090f95b6-336f-4e82-8afd-44ec65288e1a', 2, 2, 'Tendangan', '20:38:01', 1705412281887, 'pakai'),
('2479dde4-d8b4-46a9-9be4-9681b156f5ef', '81f48620-f7c6-4c70-ae47-257a4027f9b8', '1b0097e7-befc-404f-902e-1f5fbce1e659', 'fc5399e5-128c-4ce7-a028-d4ccf1058f09', 1, 2, 'Tendangan', '08:23:20', 1705800200714, 'gagal'),
('24d3885d-921b-4755-b085-63310dd1ad33', 'c7c39275-1133-4386-b640-eab8a97968ca', '6717bd20-cac4-491c-a55e-dfcac8c3b0b5', '8c4251e0-2cbb-42c5-8466-290c480d9338', 2, 1, 'Pukulan', '20:38:55', 1705412335038, 'gagal'),
('24ed19ea-f822-42f2-a58b-db08813c38e5', '75ff1cd6-f4f3-4f76-8b6f-6dcab342e37d', 'e1ca0783-05ba-4f1a-9206-e1497a4ec065', '82c473b8-fbdf-4028-906f-0edadf4b6054', 1, 1, 'Pukulan', '20:48:32', 1705412912981, 'pakai'),
('2509db0d-cbc4-40be-bd34-0d75a1e46d95', '81f48620-f7c6-4c70-ae47-257a4027f9b8', '1b0097e7-befc-404f-902e-1f5fbce1e659', 'fc5399e5-128c-4ce7-a028-d4ccf1058f09', 1, 1, 'Pukulan', '15:38:04', 1706603884233, 'gagal'),
('25abe035-b167-4c45-b946-3dfc350cebdd', '136eba5f-078f-4673-ace6-6e4de2adbfbc', '234f9989-2f78-4642-bb97-7e5e99cc2fee', '531e1450-326f-476e-ab8a-ff71d0d49ff9', 2, 1, 'Pukulan', '14:43:33', 1705477413536, 'pakai'),
('27458787-c053-4e3e-80b4-93aee1221b69', 'd1d5353c-d1da-474a-afed-5927f8c9a289', '2edcfb53-4a78-4103-85ae-2076afe83019', '2e0342b7-ea1b-41ef-87ce-221fbc0aa854', 2, 2, 'Tendangan', '21:00:35', 1705413635651, 'gagal'),
('275b3da1-1cdd-48fa-b8b6-fadad1606e8e', '3f7f3573-91a0-4281-a852-fee2d7726cae', '736508aa-9cdc-4055-8314-9988b4cb824f', '91c4d04f-661f-40a6-8458-ef62673a0a31', 1, 1, 'Pukulan', '00:16:08', 1706634968498, 'gagal'),
('27b37400-a143-4d19-9b29-f6efaac5c394', '0a51af79-018a-45b0-bc80-466012ce7182', 'e399208c-4931-4751-b290-6fe51f8f4458', 'b888c4ef-2599-4c18-9eb7-8f46cdfd1a04', 1, 2, 'Tendangan', '20:11:16', 1705410676838, 'gagal'),
('28374996-cb82-44cd-93c4-dc7d4043984b', '94bb76c5-fbdf-465f-9fbc-bf6d7c51a98a', '736508aa-9cdc-4055-8314-9988b4cb824f', '28634827-8a0c-4ea0-b61a-423418d582ea', 1, 2, 'Tendangan', '20:28:49', 1705411729881, 'gagal'),
('28ff5ca6-0551-4da7-8515-f995f07b39f8', '94bb76c5-fbdf-465f-9fbc-bf6d7c51a98a', '736508aa-9cdc-4055-8314-9988b4cb824f', '28634827-8a0c-4ea0-b61a-423418d582ea', 1, 2, 'Tendangan', '20:28:41', 1705411721986, 'pakai'),
('29027f9b-96a0-4786-951d-0e74329a855b', 'd1d64364-d328-43e7-a18b-adb89f30c6d1', '2edcfb53-4a78-4103-85ae-2076afe83019', '4e03510b-1793-48b6-b1af-6f3a8cdafa90', 1, 2, 'Tendangan', '21:17:30', 1705414650242, 'gagal'),
('292a1207-d359-441e-b86b-13ff6b35838c', '02598eb4-9c75-4e2f-8803-bd373e1cc863', '736508aa-9cdc-4055-8314-9988b4cb824f', '84855134-8a16-485c-a6c9-3c56c4212bb3', 2, 1, 'Pukulan', '15:11:21', 1705479081108, 'gagal'),
('2930d89d-6391-4331-8c87-322b3158166b', '4d46c629-6451-4887-9261-5527a958ca34', '234f9989-2f78-4642-bb97-7e5e99cc2fee', '55753637-757b-455d-9fde-31ccecb9f831', 1, 1, 'Pukulan', '20:05:02', 1705410302313, 'gagal'),
('29424645-e88b-4a6b-b39c-a035a6f7cd03', '0a51af79-018a-45b0-bc80-466012ce7182', 'e399208c-4931-4751-b290-6fe51f8f4458', '12903ec2-e8d5-47ff-8724-da8a04ae6026', 2, 2, 'Tendangan', '20:13:05', 1705410785626, 'gagal'),
('295abec5-f365-4ec0-95ad-207ff87ad34e', '237d8e93-2128-4bb6-b2e4-96cc1f4bbd16', '538dcb20-bc30-4a2b-a430-556133ffef55', 'f6055ec8-8724-4a9e-92fa-15ac7a0075aa', 1, 1, 'Pukulan', '15:05:28', 1705478728109, 'gagal'),
('29864bd1-f57a-42ff-8d15-df8dd3275c78', 'd2ebfb70-4856-4793-8ce0-305b4a01bf4b', '93704298-cd07-4d01-ad81-37eb2aa24006', '8da604b6-fe0f-4efa-b40c-da5f96408c12', 1, 2, 'Tendangan', '21:33:45', 1705415625426, 'gagal'),
('29873f26-b317-4baa-a50c-1c7ece50743b', 'c19d8876-a2da-4c28-ab2f-3ddd0105fdc1', '1b3e0134-4751-47d0-b336-ff0109c188b6', '28634827-8a0c-4ea0-b61a-423418d582ea', 2, 2, 'Tendangan', '15:21:26', 1705479686126, 'pakai'),
('29a93a62-0aeb-44c4-8901-9275ee9cf26c', '94bb76c5-fbdf-465f-9fbc-bf6d7c51a98a', 'e91e6bee-4207-45dc-bc7f-a741c112838b', '28634827-8a0c-4ea0-b61a-423418d582ea', 1, 2, 'Tendangan', '20:28:41', 1705411721973, 'pakai'),
('2a0df90d-60a2-4e8f-b521-0db7e2846313', '81f48620-f7c6-4c70-ae47-257a4027f9b8', '1b0097e7-befc-404f-902e-1f5fbce1e659', 'fc5399e5-128c-4ce7-a028-d4ccf1058f09', 1, 1, 'Pukulan', '15:37:58', 1706603878815, 'gagal'),
('2a0e5258-5da6-46e2-b850-1550992bf675', '48d5f2df-2666-4d70-ac24-dde1a9ada6d8', '736508aa-9cdc-4055-8314-9988b4cb824f', 'f6055ec8-8724-4a9e-92fa-15ac7a0075aa', 1, 2, 'Tendangan', '20:23:34', 1705411414390, 'gagal'),
('2a7b6688-1c96-48f9-8434-c37dde35d7b5', 'd1d5353c-d1da-474a-afed-5927f8c9a289', 'e399208c-4931-4751-b290-6fe51f8f4458', '2e0342b7-ea1b-41ef-87ce-221fbc0aa854', 2, 1, 'Pukulan', '21:00:38', 1705413638186, 'gagal'),
('2b3ddf57-7df1-45a4-aded-0eeca7900891', '81f48620-f7c6-4c70-ae47-257a4027f9b8', '1b0097e7-befc-404f-902e-1f5fbce1e659', 'fc5399e5-128c-4ce7-a028-d4ccf1058f09', 2, 2, 'Tendangan', '15:17:59', 1706602679466, 'gagal'),
('2be09671-3c43-41fd-807e-ff64828e1420', '02598eb4-9c75-4e2f-8803-bd373e1cc863', '93704298-cd07-4d01-ad81-37eb2aa24006', '84855134-8a16-485c-a6c9-3c56c4212bb3', 2, 2, 'Tendangan', '15:11:53', 1705479113783, 'pakai'),
('2c13852e-d948-488d-96b4-90e2c26418a7', 'd1d5353c-d1da-474a-afed-5927f8c9a289', '2edcfb53-4a78-4103-85ae-2076afe83019', 'a1d62779-e810-4fc5-95d6-4932539131f8', 2, 1, 'Pukulan', '20:59:51', 1705413591981, 'gagal'),
('2ca577a9-f937-4ce9-86e7-9077c3405b30', 'e550844d-5ea8-4a3c-872f-b31030c0dcf9', '93704298-cd07-4d01-ad81-37eb2aa24006', '88dbb057-17d1-4f89-9033-3fd8b66e6195', 1, 1, 'Pukulan', '16:52:01', 1706694721553, 'gagal'),
('2cac035a-15fa-494c-9d7b-c8b7bfa417fd', '0a51af79-018a-45b0-bc80-466012ce7182', '234f9989-2f78-4642-bb97-7e5e99cc2fee', '12903ec2-e8d5-47ff-8724-da8a04ae6026', 2, 2, 'Tendangan', '20:13:01', 1705410781722, 'gagal'),
('2d037c5e-5be4-4b3b-9441-d074e3331184', '94bb76c5-fbdf-465f-9fbc-bf6d7c51a98a', 'e91e6bee-4207-45dc-bc7f-a741c112838b', '28634827-8a0c-4ea0-b61a-423418d582ea', 1, 2, 'Tendangan', '20:28:55', 1705411735438, 'pakai'),
('2d59dc9b-569d-4a3e-81b7-847e21e800f9', '81f48620-f7c6-4c70-ae47-257a4027f9b8', '1b0097e7-befc-404f-902e-1f5fbce1e659', 'fc5399e5-128c-4ce7-a028-d4ccf1058f09', 2, 1, 'Pukulan', '15:17:55', 1706602675205, 'gagal'),
('2d976029-9f9d-422a-a685-7f878f91b2b8', '4d46c629-6451-4887-9261-5527a958ca34', '736508aa-9cdc-4055-8314-9988b4cb824f', '66c61a8d-2870-4244-8372-68840526ea89', 2, 2, 'Tendangan', '20:07:08', 1705410428320, 'gagal'),
('2dc6276e-59f6-4fdb-b5b3-954b885dd91f', '81f48620-f7c6-4c70-ae47-257a4027f9b8', '1b0097e7-befc-404f-902e-1f5fbce1e659', 'e6b48aab-0546-4035-918a-6b02eb5f34d7', 1, 2, 'Tendangan', '11:09:18', 1705896558073, 'gagal'),
('2ddcb785-db6f-4902-bcbf-b8534e1ccd64', '0a51af79-018a-45b0-bc80-466012ce7182', 'e91e6bee-4207-45dc-bc7f-a741c112838b', '12903ec2-e8d5-47ff-8724-da8a04ae6026', 1, 1, 'Pukulan', '20:11:29', 1705410689044, 'gagal'),
('2ddcdb67-ddb6-47fe-8cdd-92459c630e61', '02598eb4-9c75-4e2f-8803-bd373e1cc863', '736508aa-9cdc-4055-8314-9988b4cb824f', '84855134-8a16-485c-a6c9-3c56c4212bb3', 1, 2, 'Tendangan', '15:10:06', 1705479006587, 'pakai'),
('2e76e940-a0f1-4856-a4d4-657b0a6ffbcf', '3d1ed1d1-2660-4a4c-8bf5-bd64c98333a8', '93704298-cd07-4d01-ad81-37eb2aa24006', '37c7043b-91d4-4e9c-96f3-8038c2dfa18c', 1, 2, 'Tendangan', '19:03:49', 1706702629949, 'gagal'),
('2e783c46-e119-48b3-8e32-b73b5c78870b', '02598eb4-9c75-4e2f-8803-bd373e1cc863', '93704298-cd07-4d01-ad81-37eb2aa24006', '84855134-8a16-485c-a6c9-3c56c4212bb3', 1, 1, 'Pukulan', '15:08:56', 1705478936680, 'pakai'),
('2ebb6b58-9b2a-4e23-937f-ad07ae14fb07', '0a51af79-018a-45b0-bc80-466012ce7182', '234f9989-2f78-4642-bb97-7e5e99cc2fee', '12903ec2-e8d5-47ff-8724-da8a04ae6026', 1, 2, 'Tendangan', '20:10:42', 1705410642506, 'pakai'),
('2eebc9a7-7976-461b-94f1-36db92b07fcb', 'c19d8876-a2da-4c28-ab2f-3ddd0105fdc1', '1b3e0134-4751-47d0-b336-ff0109c188b6', '28634827-8a0c-4ea0-b61a-423418d582ea', 1, 2, 'Tendangan', '15:19:17', 1705479557120, 'gagal'),
('2f41ea04-440f-40e3-b025-83c92693ab46', 'e550844d-5ea8-4a3c-872f-b31030c0dcf9', 'e1ca0783-05ba-4f1a-9206-e1497a4ec065', 'f2e09cb9-ae65-4f4c-8787-37c78018ef16', 1, 2, 'Tendangan', '20:42:16', 1705412536405, 'pakai'),
('2f63fdc5-2e74-4997-b59a-1a73ed9665b6', '81f48620-f7c6-4c70-ae47-257a4027f9b8', '1b0097e7-befc-404f-902e-1f5fbce1e659', 'fc5399e5-128c-4ce7-a028-d4ccf1058f09', 3, 2, 'Tendangan', '15:37:08', 1706603828509, 'gagal'),
('3017270a-19e0-4add-b160-cb5f7fd0a45b', '194969d7-0d68-469f-9a22-1f3c99957504', '2edcfb53-4a78-4103-85ae-2076afe83019', '889dad8c-7941-4293-9160-becb4b2b8c95', 1, 1, 'Pukulan', '21:04:08', 1705413848572, 'gagal'),
('3055d8d5-5b00-487f-91f6-f09df1198ec0', '237d8e93-2128-4bb6-b2e4-96cc1f4bbd16', '538dcb20-bc30-4a2b-a430-556133ffef55', 'f6055ec8-8724-4a9e-92fa-15ac7a0075aa', 2, 1, 'Pukulan', '15:06:20', 1705478780235, 'pakai'),
('30829df4-3322-47ec-acd1-c699d0fe8d91', '4d46c629-6451-4887-9261-5527a958ca34', '234f9989-2f78-4642-bb97-7e5e99cc2fee', '55753637-757b-455d-9fde-31ccecb9f831', 1, 2, 'Tendangan', '20:05:03', 1705410303274, 'gagal'),
('309cb96b-c483-4639-8a97-8bf7a4917147', 'ef3dd35a-664b-4b81-8033-d24157aeb950', '736508aa-9cdc-4055-8314-9988b4cb824f', '34ca16bb-3937-4d68-bec9-4ef1dcd06340', 1, 1, 'Pukulan', '07:10:50', 1706659850459, 'gagal'),
('30da7045-d65e-4dfa-94eb-1a47bc07cc27', '81f48620-f7c6-4c70-ae47-257a4027f9b8', '1b0097e7-befc-404f-902e-1f5fbce1e659', 'fc5399e5-128c-4ce7-a028-d4ccf1058f09', 3, 2, 'Tendangan', '15:37:12', 1706603832156, 'gagal'),
('31ade536-ca5c-418b-b1e9-bc24dfb84323', 'c19d8876-a2da-4c28-ab2f-3ddd0105fdc1', '1b3e0134-4751-47d0-b336-ff0109c188b6', '28634827-8a0c-4ea0-b61a-423418d582ea', 2, 1, 'Pukulan', '14:49:04', 1705564144036, 'gagal'),
('31ddb011-2c4c-4fda-87e8-dbc9dc5c0c05', 'e550844d-5ea8-4a3c-872f-b31030c0dcf9', '93704298-cd07-4d01-ad81-37eb2aa24006', 'f2e09cb9-ae65-4f4c-8787-37c78018ef16', 1, 2, 'Tendangan', '20:42:15', 1705412535760, 'pakai'),
('32538bc6-aae1-4e59-ad33-0e5ed72dd490', 'c7c39275-1133-4386-b640-eab8a97968ca', '538dcb20-bc30-4a2b-a430-556133ffef55', '8c4251e0-2cbb-42c5-8466-290c480d9338', 1, 2, 'Tendangan', '20:37:10', 1705412230688, 'pakai'),
('32df7f72-3722-400e-a9ab-97e698dc25ee', '81f48620-f7c6-4c70-ae47-257a4027f9b8', '1b0097e7-befc-404f-902e-1f5fbce1e659', 'fc5399e5-128c-4ce7-a028-d4ccf1058f09', 1, 1, 'Pukulan', '15:38:05', 1706603885603, 'gagal'),
('33a3ceab-91dc-494c-a2f1-ae2ee4f5f2a4', 'd1d5353c-d1da-474a-afed-5927f8c9a289', '516aa764-f6f6-4925-9eb9-4aba53ad283c', 'a1d62779-e810-4fc5-95d6-4932539131f8', 2, 1, 'Pukulan', '21:00:08', 1705413608140, 'pakai'),
('33b54400-80aa-46c5-9554-0e786b14d133', '81f48620-f7c6-4c70-ae47-257a4027f9b8', '1b0097e7-befc-404f-902e-1f5fbce1e659', 'fc5399e5-128c-4ce7-a028-d4ccf1058f09', 1, 1, 'Pukulan', '11:08:54', 1705896534032, 'gagal'),
('3419ac9c-9321-4dfb-a55b-0845470f8166', 'e550844d-5ea8-4a3c-872f-b31030c0dcf9', '538dcb20-bc30-4a2b-a430-556133ffef55', '88dbb057-17d1-4f89-9033-3fd8b66e6195', 1, 1, 'Pukulan', '20:42:01', 1705412521951, 'gagal'),
('344d7a28-2619-42f0-8d0c-0d6cd01e247a', 'c7c39275-1133-4386-b640-eab8a97968ca', '93704298-cd07-4d01-ad81-37eb2aa24006', '090f95b6-336f-4e82-8afd-44ec65288e1a', 1, 2, 'Tendangan', '20:36:34', 1705412194356, 'gagal'),
('347d03c0-fef8-4e79-b7a2-0ef1bd4a6396', 'c19d8876-a2da-4c28-ab2f-3ddd0105fdc1', 'e91e6bee-4207-45dc-bc7f-a741c112838b', '28634827-8a0c-4ea0-b61a-423418d582ea', 1, 2, 'Tendangan', '15:19:07', 1705479547981, 'pakai'),
('349aa29b-890c-45a7-9c8c-9c4bc7351529', '81f48620-f7c6-4c70-ae47-257a4027f9b8', '234f9989-2f78-4642-bb97-7e5e99cc2fee', 'fc5399e5-128c-4ce7-a028-d4ccf1058f09', 3, 2, 'Tendangan', '15:16:54', 1706602614972, 'gagal'),
('34fc5974-6d52-4e3d-874c-08337a08040b', 'c19d8876-a2da-4c28-ab2f-3ddd0105fdc1', 'e399208c-4931-4751-b290-6fe51f8f4458', 'd9558b7c-2629-49fd-a6e0-9cb19197a4dd', 1, 1, 'Pukulan', '15:19:07', 1705479547135, 'gagal'),
('353704f3-92b3-4acf-8b7b-62e0e91f70bd', 'c19d8876-a2da-4c28-ab2f-3ddd0105fdc1', '1b3e0134-4751-47d0-b336-ff0109c188b6', '28634827-8a0c-4ea0-b61a-423418d582ea', 1, 2, 'Tendangan', '15:19:06', 1705479546710, 'pakai'),
('35b5e849-ab2b-40fd-9139-598372fabc82', '194969d7-0d68-469f-9a22-1f3c99957504', '1b3e0134-4751-47d0-b336-ff0109c188b6', 'db4079d9-206a-4273-8fc9-892b3c9543f2', 2, 1, 'Pukulan', '21:04:51', 1705413891277, 'pakai'),
('35ebfdba-7d28-4904-9714-c6635e8397ad', 'c19d8876-a2da-4c28-ab2f-3ddd0105fdc1', '1b3e0134-4751-47d0-b336-ff0109c188b6', 'd9558b7c-2629-49fd-a6e0-9cb19197a4dd', 2, 1, 'Pukulan', '14:45:02', 1705563902414, 'gagal'),
('35f2411a-203e-4653-859d-357ee35758c1', 'd1d5353c-d1da-474a-afed-5927f8c9a289', '2edcfb53-4a78-4103-85ae-2076afe83019', '2e0342b7-ea1b-41ef-87ce-221fbc0aa854', 1, 1, 'Pukulan', '20:58:04', 1705413484073, 'gagal'),
('362a863d-3164-4d94-b5ef-5e8aeef3cb22', '237d8e93-2128-4bb6-b2e4-96cc1f4bbd16', '538dcb20-bc30-4a2b-a430-556133ffef55', 'f6055ec8-8724-4a9e-92fa-15ac7a0075aa', 2, 2, 'Tendangan', '15:06:55', 1705478815106, 'gagal'),
('3640b150-0d79-4289-9f4b-a31ba4b546c3', 'd2ebfb70-4856-4793-8ce0-305b4a01bf4b', '234f9989-2f78-4642-bb97-7e5e99cc2fee', 'f47cb64b-7df1-47af-8edb-97737d8e7fe1', 1, 2, 'Tendangan', '21:31:43', 1705415503209, 'gagal'),
('373d838e-48f5-483f-9923-7f9193c73d80', '81f48620-f7c6-4c70-ae47-257a4027f9b8', '1b0097e7-befc-404f-902e-1f5fbce1e659', 'e6b48aab-0546-4035-918a-6b02eb5f34d7', 2, 1, 'Pukulan', '15:10:20', 1706602220101, 'gagal'),
('380939f5-ad6c-4281-b184-d5c4e8d1d9b7', '81f48620-f7c6-4c70-ae47-257a4027f9b8', '1b0097e7-befc-404f-902e-1f5fbce1e659', 'fc5399e5-128c-4ce7-a028-d4ccf1058f09', 1, 2, 'Tendangan', '17:28:29', 1706610509239, 'gagal'),
('3a0b23e7-dee8-47f5-93f6-9e4572c0bdbb', '81f48620-f7c6-4c70-ae47-257a4027f9b8', '1b0097e7-befc-404f-902e-1f5fbce1e659', 'e6b48aab-0546-4035-918a-6b02eb5f34d7', 2, 2, 'Tendangan', '15:09:24', 1706602164539, 'gagal'),
('3ac8a8f6-adea-42a6-b25f-ce7cd5f0564c', 'c7c39275-1133-4386-b640-eab8a97968ca', '538dcb20-bc30-4a2b-a430-556133ffef55', '8c4251e0-2cbb-42c5-8466-290c480d9338', 2, 2, 'Tendangan', '20:38:22', 1705412302465, 'gagal'),
('3b216781-45ca-427b-9b7c-11f56f03fbd8', 'c19d8876-a2da-4c28-ab2f-3ddd0105fdc1', 'e91e6bee-4207-45dc-bc7f-a741c112838b', 'd9558b7c-2629-49fd-a6e0-9cb19197a4dd', 1, 1, 'Pukulan', '15:19:32', 1705479572100, 'gagal'),
('3c4bd6c9-547b-424b-bf9f-05729351e338', '81f48620-f7c6-4c70-ae47-257a4027f9b8', '1b0097e7-befc-404f-902e-1f5fbce1e659', 'fc5399e5-128c-4ce7-a028-d4ccf1058f09', 1, 1, 'Pukulan', '15:37:56', 1706603876637, 'gagal'),
('3c87e3c2-2576-430f-988b-624c70624b93', 'c7c39275-1133-4386-b640-eab8a97968ca', '6717bd20-cac4-491c-a55e-dfcac8c3b0b5', '090f95b6-336f-4e82-8afd-44ec65288e1a', 1, 1, 'Pukulan', '20:36:21', 1705412181439, 'gagal'),
('3c92bc3e-995f-4974-8207-29aaf9e62f2d', '0a51af79-018a-45b0-bc80-466012ce7182', '234f9989-2f78-4642-bb97-7e5e99cc2fee', '12903ec2-e8d5-47ff-8724-da8a04ae6026', 1, 2, 'Tendangan', '20:11:08', 1705410668110, 'pakai'),
('3e135cc7-aecd-4e30-9e0c-8481b41c357f', '0a51af79-018a-45b0-bc80-466012ce7182', 'e91e6bee-4207-45dc-bc7f-a741c112838b', '12903ec2-e8d5-47ff-8724-da8a04ae6026', 2, 2, 'Tendangan', '20:13:00', 1705410780139, 'pakai'),
('3e212474-2a67-4b0a-b53b-7ac2bfd527cd', '194969d7-0d68-469f-9a22-1f3c99957504', '1b3e0134-4751-47d0-b336-ff0109c188b6', '889dad8c-7941-4293-9160-becb4b2b8c95', 1, 2, 'Tendangan', '21:03:48', 1705413828189, 'gagal'),
('3ee7756b-5e46-4afe-a459-5fbfd015bd03', '0a51af79-018a-45b0-bc80-466012ce7182', '234f9989-2f78-4642-bb97-7e5e99cc2fee', 'b888c4ef-2599-4c18-9eb7-8f46cdfd1a04', 2, 1, 'Pukulan', '20:12:19', 1705410739461, 'gagal'),
('412a0b04-e05c-494c-ab30-4fe6f99de16a', '48d5f2df-2666-4d70-ac24-dde1a9ada6d8', '234f9989-2f78-4642-bb97-7e5e99cc2fee', 'f6055ec8-8724-4a9e-92fa-15ac7a0075aa', 1, 2, 'Tendangan', '20:23:34', 1705411414386, 'pakai'),
('4167f588-aa8f-4434-9048-3ad59255a283', 'd2ebfb70-4856-4793-8ce0-305b4a01bf4b', 'e1ca0783-05ba-4f1a-9206-e1497a4ec065', '8da604b6-fe0f-4efa-b40c-da5f96408c12', 2, 2, 'Tendangan', '21:34:11', 1705415651603, 'gagal'),
('4198e9ec-e6fa-4178-a382-e46590d4ac21', '237d8e93-2128-4bb6-b2e4-96cc1f4bbd16', '93704298-cd07-4d01-ad81-37eb2aa24006', 'f6055ec8-8724-4a9e-92fa-15ac7a0075aa', 1, 2, 'Tendangan', '15:05:29', 1705478729047, 'pakai'),
('41e3813c-36d0-42d0-8dfc-3f64120e334d', '81f48620-f7c6-4c70-ae47-257a4027f9b8', '1b0097e7-befc-404f-902e-1f5fbce1e659', 'fc5399e5-128c-4ce7-a028-d4ccf1058f09', 2, 2, 'Tendangan', '15:10:16', 1706602216047, 'gagal'),
('420e763e-12d2-42c3-b75d-1b6cb3a49a8f', 'd1d64364-d328-43e7-a18b-adb89f30c6d1', '1b3e0134-4751-47d0-b336-ff0109c188b6', 'f8b7c89b-54ce-4dbe-8654-eaa5782ca53c', 1, 1, 'Pukulan', '07:19:34', 1706660374928, 'gagal'),
('42f08995-f9e4-4226-a3a9-dd5d66ab7ee5', '81f48620-f7c6-4c70-ae47-257a4027f9b8', '1b0097e7-befc-404f-902e-1f5fbce1e659', 'fc5399e5-128c-4ce7-a028-d4ccf1058f09', 1, 2, 'Tendangan', '15:38:03', 1706603883945, 'gagal'),
('43567eda-6333-4755-98d6-08b90e3d7a1b', '48d5f2df-2666-4d70-ac24-dde1a9ada6d8', '234f9989-2f78-4642-bb97-7e5e99cc2fee', 'f6055ec8-8724-4a9e-92fa-15ac7a0075aa', 1, 1, 'Pukulan', '20:19:36', 1705411176317, 'gagal'),
('43cbd0a1-6aa3-4334-a549-786b237adabf', 'ef3dd35a-664b-4b81-8033-d24157aeb950', '736508aa-9cdc-4055-8314-9988b4cb824f', '22fb1763-71c9-4474-a345-0e5fdba84ef4', 1, 1, 'Pukulan', '07:10:45', 1706659845453, 'gagal'),
('44247c8c-2858-48a3-95f9-79ffebc50435', 'c19d8876-a2da-4c28-ab2f-3ddd0105fdc1', '1b3e0134-4751-47d0-b336-ff0109c188b6', '28634827-8a0c-4ea0-b61a-423418d582ea', 2, 1, 'Pukulan', '14:50:01', 1705564201620, 'gagal'),
('44841e20-e1fb-4734-80b2-89401c6e8c9d', 'd1d5353c-d1da-474a-afed-5927f8c9a289', '2edcfb53-4a78-4103-85ae-2076afe83019', 'a1d62779-e810-4fc5-95d6-4932539131f8', 2, 2, 'Tendangan', '20:59:46', 1705413586162, 'gagal'),
('4518e25b-867e-4882-92a9-3245b0610d88', '9e56db5d-74af-49dc-bd85-bc414dfe8fd8', 'e399208c-4931-4751-b290-6fe51f8f4458', '23c25ec4-f527-40f8-aec6-0f5b53025244', 1, 1, 'Pukulan', '20:19:36', 1705411176409, 'gagal'),
('459c1066-8b42-4bea-bd67-ca1136c4ff85', '4d46c629-6451-4887-9261-5527a958ca34', 'e91e6bee-4207-45dc-bc7f-a741c112838b', '66c61a8d-2870-4244-8372-68840526ea89', 2, 2, 'Tendangan', '20:06:45', 1705410405423, 'gagal'),
('45e21fbc-12ff-4a49-a2ba-a4a071c3606b', '81f48620-f7c6-4c70-ae47-257a4027f9b8', '234f9989-2f78-4642-bb97-7e5e99cc2fee', 'fc5399e5-128c-4ce7-a028-d4ccf1058f09', 3, 1, 'Pukulan', '15:16:52', 1706602612297, 'pakai'),
('45fbb899-634d-4bcf-85d8-2f90f17ce29f', '81f48620-f7c6-4c70-ae47-257a4027f9b8', '234f9989-2f78-4642-bb97-7e5e99cc2fee', 'e6b48aab-0546-4035-918a-6b02eb5f34d7', 3, 1, 'Pukulan', '15:13:53', 1706602433088, 'pakai'),
('463be7a2-d5ed-4094-acbd-59ced6aeceb8', '237d8e93-2128-4bb6-b2e4-96cc1f4bbd16', '736508aa-9cdc-4055-8314-9988b4cb824f', 'cf7b19d4-a8b1-4a4b-a505-8a70f5298002', 2, 1, 'Pukulan', '15:06:46', 1705478806968, 'gagal'),
('4709b510-7c69-4ab2-b9db-a2a586064c1c', 'c19d8876-a2da-4c28-ab2f-3ddd0105fdc1', 'e399208c-4931-4751-b290-6fe51f8f4458', 'd9558b7c-2629-49fd-a6e0-9cb19197a4dd', 1, 2, 'Tendangan', '15:19:32', 1705479572013, 'pakai'),
('47503bfe-7ab4-4a71-88c9-4568259baebf', '0a51af79-018a-45b0-bc80-466012ce7182', 'e399208c-4931-4751-b290-6fe51f8f4458', '12903ec2-e8d5-47ff-8724-da8a04ae6026', 2, 2, 'Tendangan', '20:12:58', 1705410778190, 'pakai'),
('47689775-6e1a-4222-abd0-3eed75e44465', '81f48620-f7c6-4c70-ae47-257a4027f9b8', '1b0097e7-befc-404f-902e-1f5fbce1e659', 'fc5399e5-128c-4ce7-a028-d4ccf1058f09', 3, 2, 'Tendangan', '15:37:07', 1706603827629, 'gagal'),
('47ee3c18-8eb1-4173-bdd8-5fb728b11e0e', 'c7c39275-1133-4386-b640-eab8a97968ca', '538dcb20-bc30-4a2b-a430-556133ffef55', '090f95b6-336f-4e82-8afd-44ec65288e1a', 1, 2, 'Tendangan', '20:36:45', 1705412205960, 'gagal'),
('482ffbbe-ea5e-4a51-b396-9a4aded0c5d1', '237d8e93-2128-4bb6-b2e4-96cc1f4bbd16', '538dcb20-bc30-4a2b-a430-556133ffef55', 'f6055ec8-8724-4a9e-92fa-15ac7a0075aa', 1, 1, 'Pukulan', '15:04:30', 1705478670578, 'pakai'),
('48b2fc01-bfcc-480a-b4c8-132456c84151', 'c7c39275-1133-4386-b640-eab8a97968ca', '6717bd20-cac4-491c-a55e-dfcac8c3b0b5', '090f95b6-336f-4e82-8afd-44ec65288e1a', 1, 1, 'Pukulan', '20:36:22', 1705412182420, 'gagal'),
('48b65fdf-5001-45c8-a9d5-c898f8ac6b04', 'd1d5353c-d1da-474a-afed-5927f8c9a289', '516aa764-f6f6-4925-9eb9-4aba53ad283c', '2e0342b7-ea1b-41ef-87ce-221fbc0aa854', 2, 2, 'Tendangan', '21:00:35', 1705413635286, 'pakai'),
('4955c164-1aab-4866-a422-38be65ce4f89', 'd1d5353c-d1da-474a-afed-5927f8c9a289', 'e399208c-4931-4751-b290-6fe51f8f4458', '2e0342b7-ea1b-41ef-87ce-221fbc0aa854', 2, 2, 'Tendangan', '21:00:19', 1705413619697, 'pakai'),
('49bcfe3f-a9e6-42d4-9688-30f73d545193', '81f48620-f7c6-4c70-ae47-257a4027f9b8', '1b0097e7-befc-404f-902e-1f5fbce1e659', 'fc5399e5-128c-4ce7-a028-d4ccf1058f09', 2, 1, 'Pukulan', '15:18:08', 1706602688503, 'gagal'),
('4abeaa81-8c85-4929-8961-a950490986be', '81f48620-f7c6-4c70-ae47-257a4027f9b8', '1b0097e7-befc-404f-902e-1f5fbce1e659', 'fc5399e5-128c-4ce7-a028-d4ccf1058f09', 1, 1, 'Pukulan', '15:37:58', 1706603878075, 'gagal'),
('4b481590-7071-4b60-9cc8-88dc12e787d3', 'e8db93c0-9a96-48b2-b9ab-faab6c8844ef', '1b3e0134-4751-47d0-b336-ff0109c188b6', '3afb54a2-4978-4144-8479-8ada021a05dd', 1, 2, 'Tendangan', '21:09:39', 1705414179213, 'gagal'),
('4db2f03f-b9d8-4448-9b82-610ca25d3929', '6a5b701b-cf66-4657-a21a-dcc7fa4b3bea', '234f9989-2f78-4642-bb97-7e5e99cc2fee', 'd032f515-70c4-4f6b-a755-5f72e420901f', 1, 2, 'Tendangan', '14:56:22', 1705478182579, 'pakai'),
('4dbb3c87-389b-4243-a8de-b580019854ac', '48d5f2df-2666-4d70-ac24-dde1a9ada6d8', '234f9989-2f78-4642-bb97-7e5e99cc2fee', 'f6055ec8-8724-4a9e-92fa-15ac7a0075aa', 1, 1, 'Pukulan', '20:19:56', 1705411196273, 'gagal'),
('4e499f66-a8df-465a-9bc6-5c7d2e5c6c78', '48d5f2df-2666-4d70-ac24-dde1a9ada6d8', '736508aa-9cdc-4055-8314-9988b4cb824f', '335984a1-5e5a-49be-8cfa-eb648e0cc515', 2, 1, 'Pukulan', '20:25:34', 1705411534047, 'pakai'),
('4e4e54ee-6817-447f-9e60-f4bf98ad6a5c', '81f48620-f7c6-4c70-ae47-257a4027f9b8', '1b0097e7-befc-404f-902e-1f5fbce1e659', 'fc5399e5-128c-4ce7-a028-d4ccf1058f09', 3, 1, 'Pukulan', '15:37:10', 1706603830348, 'gagal'),
('4e6a035f-4bf6-4cb3-9cdb-bec6fa0a66a5', 'c19d8876-a2da-4c28-ab2f-3ddd0105fdc1', '1b3e0134-4751-47d0-b336-ff0109c188b6', '28634827-8a0c-4ea0-b61a-423418d582ea', 2, 2, 'Tendangan', '14:49:15', 1705564155985, 'gagal'),
('4e9eb369-c495-49ae-bf62-771afa13d91f', '75ff1cd6-f4f3-4f76-8b6f-6dcab342e37d', '6717bd20-cac4-491c-a55e-dfcac8c3b0b5', '82c473b8-fbdf-4028-906f-0edadf4b6054', 2, 2, 'Tendangan', '20:50:23', 1705413023954, 'pakai'),
('4efc29b6-f17b-402e-bc22-da7c40f573e5', '237d8e93-2128-4bb6-b2e4-96cc1f4bbd16', '538dcb20-bc30-4a2b-a430-556133ffef55', 'f6055ec8-8724-4a9e-92fa-15ac7a0075aa', 2, 2, 'Tendangan', '15:06:06', 1705478766705, 'gagal'),
('4f54e0b6-615a-4636-8135-362123abb0f9', '02598eb4-9c75-4e2f-8803-bd373e1cc863', '93704298-cd07-4d01-ad81-37eb2aa24006', '84855134-8a16-485c-a6c9-3c56c4212bb3', 1, 2, 'Tendangan', '15:10:07', 1705479007715, 'gagal'),
('4f87fd56-379d-4072-8f4e-3dd3d4f796ee', 'c7c39275-1133-4386-b640-eab8a97968ca', '93704298-cd07-4d01-ad81-37eb2aa24006', '8c4251e0-2cbb-42c5-8466-290c480d9338', 1, 2, 'Tendangan', '20:36:44', 1705412204887, 'pakai'),
('4f9c6ca6-ffcc-4b41-b55b-2d65e52971e3', 'd1d5353c-d1da-474a-afed-5927f8c9a289', 'e399208c-4931-4751-b290-6fe51f8f4458', 'a1d62779-e810-4fc5-95d6-4932539131f8', 1, 2, 'Tendangan', '20:58:41', 1705413521529, 'pakai'),
('4fe0472f-71e1-49e1-9ac6-e1037f7e2179', '4d46c629-6451-4887-9261-5527a958ca34', '736508aa-9cdc-4055-8314-9988b4cb824f', '55753637-757b-455d-9fde-31ccecb9f831', 2, 1, 'Pukulan', '20:07:26', 1705410446782, 'gagal'),
('50e13d92-6a8e-4879-b7db-5f4083e0e1f3', '136eba5f-078f-4673-ace6-6e4de2adbfbc', '538dcb20-bc30-4a2b-a430-556133ffef55', '531e1450-326f-476e-ab8a-ff71d0d49ff9', 1, 1, 'Pukulan', '14:42:02', 1705477322246, 'gagal'),
('51674227-355a-45c3-ad6f-3522c7ece796', 'e550844d-5ea8-4a3c-872f-b31030c0dcf9', '538dcb20-bc30-4a2b-a430-556133ffef55', 'f2e09cb9-ae65-4f4c-8787-37c78018ef16', 1, 1, 'Pukulan', '16:51:51', 1706694711572, 'gagal'),
('51711043-f3cd-41b6-afdc-ca068614268a', '02598eb4-9c75-4e2f-8803-bd373e1cc863', '234f9989-2f78-4642-bb97-7e5e99cc2fee', 'fab08335-00da-4c43-bb91-77045a543555', 2, 2, 'Tendangan', '15:11:25', 1705479085661, 'gagal'),
('5185fa2f-aa58-4047-8e0c-bb4b1877b809', '02598eb4-9c75-4e2f-8803-bd373e1cc863', '736508aa-9cdc-4055-8314-9988b4cb824f', '84855134-8a16-485c-a6c9-3c56c4212bb3', 1, 2, 'Tendangan', '15:10:02', 1705479002209, 'pakai'),
('52499e6c-ac1e-4537-9c36-a2b3dcf15d7a', '0a51af79-018a-45b0-bc80-466012ce7182', 'e399208c-4931-4751-b290-6fe51f8f4458', '12903ec2-e8d5-47ff-8724-da8a04ae6026', 2, 2, 'Tendangan', '20:13:33', 1705410813413, 'gagal'),
('52d76b47-fe2c-4fb7-9525-4a03b3b1636b', '94bb76c5-fbdf-465f-9fbc-bf6d7c51a98a', 'e91e6bee-4207-45dc-bc7f-a741c112838b', '28634827-8a0c-4ea0-b61a-423418d582ea', 1, 2, 'Tendangan', '20:28:49', 1705411729385, 'pakai'),
('535b6b16-6dfc-4e1e-918a-9807affc3a83', '136eba5f-078f-4673-ace6-6e4de2adbfbc', '538dcb20-bc30-4a2b-a430-556133ffef55', '531e1450-326f-476e-ab8a-ff71d0d49ff9', 2, 2, 'Tendangan', '14:43:49', 1705477429065, 'gagal'),
('5379e911-039a-4b51-886e-8d8c50861d91', 'c7c39275-1133-4386-b640-eab8a97968ca', '6717bd20-cac4-491c-a55e-dfcac8c3b0b5', '8c4251e0-2cbb-42c5-8466-290c480d9338', 1, 1, 'Pukulan', '20:36:46', 1705412206390, 'pakai'),
('546e17d2-c698-472e-9410-fc24b62625c3', 'ef3dd35a-664b-4b81-8033-d24157aeb950', '736508aa-9cdc-4055-8314-9988b4cb824f', '22fb1763-71c9-4474-a345-0e5fdba84ef4', 1, 2, 'Tendangan', '07:10:18', 1706659818553, 'gagal'),
('54b5b868-4a8f-4599-a22c-6a98d0569f19', '81f48620-f7c6-4c70-ae47-257a4027f9b8', '1b0097e7-befc-404f-902e-1f5fbce1e659', 'e6b48aab-0546-4035-918a-6b02eb5f34d7', 2, 1, 'Pukulan', '15:10:00', 1706602200585, 'gagal'),
('556336fc-345e-41cd-8ee4-1caf72735c84', '02598eb4-9c75-4e2f-8803-bd373e1cc863', '736508aa-9cdc-4055-8314-9988b4cb824f', 'fab08335-00da-4c43-bb91-77045a543555', 1, 2, 'Tendangan', '15:10:10', 1705479010369, 'gagal'),
('557c6292-547b-4b9f-8735-079739fa1a0b', 'd1d64364-d328-43e7-a18b-adb89f30c6d1', 'e399208c-4931-4751-b290-6fe51f8f4458', '4e03510b-1793-48b6-b1af-6f3a8cdafa90', 1, 2, 'Tendangan', '21:17:56', 1705414676166, 'pakai'),
('558d4e25-9b39-4a0c-a898-0269db72a098', '194969d7-0d68-469f-9a22-1f3c99957504', '1b3e0134-4751-47d0-b336-ff0109c188b6', 'db4079d9-206a-4273-8fc9-892b3c9543f2', 1, 2, 'Tendangan', '21:04:08', 1705413848148, 'gagal'),
('558f50ac-9543-4644-8007-6103e147a5ad', '81f48620-f7c6-4c70-ae47-257a4027f9b8', '1b0097e7-befc-404f-902e-1f5fbce1e659', 'fc5399e5-128c-4ce7-a028-d4ccf1058f09', 2, 1, 'Pukulan', '15:13:23', 1706602403782, 'pakai'),
('57b16e9a-c4a0-4537-adc6-23b6ca5de13e', 'c19d8876-a2da-4c28-ab2f-3ddd0105fdc1', 'e399208c-4931-4751-b290-6fe51f8f4458', 'd9558b7c-2629-49fd-a6e0-9cb19197a4dd', 2, 2, 'Tendangan', '15:20:59', 1705479659493, 'pakai'),
('5803fbe1-e37d-4434-aa23-daee8cf5e4c5', '02598eb4-9c75-4e2f-8803-bd373e1cc863', '234f9989-2f78-4642-bb97-7e5e99cc2fee', 'fab08335-00da-4c43-bb91-77045a543555', 1, 2, 'Tendangan', '15:09:07', 1705478947584, 'pakai'),
('5883c48b-62b5-4d85-9822-dfd3d3405253', '02598eb4-9c75-4e2f-8803-bd373e1cc863', '234f9989-2f78-4642-bb97-7e5e99cc2fee', '84855134-8a16-485c-a6c9-3c56c4212bb3', 2, 2, 'Tendangan', '15:11:54', 1705479114610, 'gagal'),
('589a1475-0acd-472e-b67c-b39f12e81034', '02598eb4-9c75-4e2f-8803-bd373e1cc863', '234f9989-2f78-4642-bb97-7e5e99cc2fee', '84855134-8a16-485c-a6c9-3c56c4212bb3', 1, 1, 'Pukulan', '15:08:56', 1705478936215, 'pakai'),
('58d04934-5880-4aa1-8aff-769c83e0b242', 'd2ebfb70-4856-4793-8ce0-305b4a01bf4b', '234f9989-2f78-4642-bb97-7e5e99cc2fee', '8da604b6-fe0f-4efa-b40c-da5f96408c12', 2, 1, 'Pukulan', '21:33:52', 1705415632737, 'pakai'),
('599e0fae-53b3-4297-a594-45b0e9e5685b', 'e550844d-5ea8-4a3c-872f-b31030c0dcf9', '93704298-cd07-4d01-ad81-37eb2aa24006', 'f2e09cb9-ae65-4f4c-8787-37c78018ef16', 1, 2, 'Tendangan', '20:42:18', 1705412538944, 'pakai'),
('59bd439f-a011-41fa-a2d7-eb8bb3d9cc72', '81f48620-f7c6-4c70-ae47-257a4027f9b8', '1b0097e7-befc-404f-902e-1f5fbce1e659', 'fc5399e5-128c-4ce7-a028-d4ccf1058f09', 1, 2, 'Tendangan', '15:37:58', 1706603878510, 'gagal'),
('5b5ba9c0-c751-43e3-9821-6e61c5228140', 'd1d5353c-d1da-474a-afed-5927f8c9a289', 'e399208c-4931-4751-b290-6fe51f8f4458', '2e0342b7-ea1b-41ef-87ce-221fbc0aa854', 1, 2, 'Tendangan', '20:58:21', 1705413501685, 'pakai'),
('5b715ea3-cedf-4c7e-836b-c3cab93da7df', 'e550844d-5ea8-4a3c-872f-b31030c0dcf9', '538dcb20-bc30-4a2b-a430-556133ffef55', 'f2e09cb9-ae65-4f4c-8787-37c78018ef16', 1, 2, 'Tendangan', '20:42:19', 1705412539137, 'gagal'),
('5b7b6ce0-7302-4261-8529-3c538de6e401', '81f48620-f7c6-4c70-ae47-257a4027f9b8', '234f9989-2f78-4642-bb97-7e5e99cc2fee', 'e6b48aab-0546-4035-918a-6b02eb5f34d7', 1, 2, 'Tendangan', '08:48:55', 1705542535973, 'gagal'),
('5bbbe4ec-84d0-4dfa-862d-e6b1d2515968', '194969d7-0d68-469f-9a22-1f3c99957504', '2edcfb53-4a78-4103-85ae-2076afe83019', 'db4079d9-206a-4273-8fc9-892b3c9543f2', 1, 2, 'Tendangan', '21:03:12', 1705413792767, 'pakai'),
('5c195b79-ca56-43b2-8628-27213452b0e3', 'c7c39275-1133-4386-b640-eab8a97968ca', '538dcb20-bc30-4a2b-a430-556133ffef55', '8c4251e0-2cbb-42c5-8466-290c480d9338', 2, 1, 'Pukulan', '20:38:54', 1705412334525, 'pakai'),
('5c7f3d94-2688-4f18-afe9-4d85657a14a1', '02598eb4-9c75-4e2f-8803-bd373e1cc863', '234f9989-2f78-4642-bb97-7e5e99cc2fee', '84855134-8a16-485c-a6c9-3c56c4212bb3', 1, 2, 'Tendangan', '15:09:10', 1705478950958, 'gagal'),
('5ced721c-b3fd-418b-9341-79524d85d7aa', 'c7c39275-1133-4386-b640-eab8a97968ca', '93704298-cd07-4d01-ad81-37eb2aa24006', '8c4251e0-2cbb-42c5-8466-290c480d9338', 1, 1, 'Pukulan', '20:37:00', 1705412220341, 'gagal'),
('5d121fc9-e513-4e08-89f9-57249a8eb11d', '237d8e93-2128-4bb6-b2e4-96cc1f4bbd16', '538dcb20-bc30-4a2b-a430-556133ffef55', 'cf7b19d4-a8b1-4a4b-a505-8a70f5298002', 2, 1, 'Pukulan', '15:06:21', 1705478781854, 'gagal'),
('5e27463e-0253-463f-9dde-e3d6d6e37492', 'd1d64364-d328-43e7-a18b-adb89f30c6d1', '2edcfb53-4a78-4103-85ae-2076afe83019', '4e03510b-1793-48b6-b1af-6f3a8cdafa90', 1, 2, 'Tendangan', '21:19:33', 1705414773023, 'gagal'),
('5e46a6a3-aeb9-4687-9b8e-e7295b86bd9c', 'd1d64364-d328-43e7-a18b-adb89f30c6d1', '1b3e0134-4751-47d0-b336-ff0109c188b6', '4e03510b-1793-48b6-b1af-6f3a8cdafa90', 1, 2, 'Tendangan', '21:17:29', 1705414649887, 'pakai'),
('5f688339-1ecf-4c19-9c5f-623775fc2cb4', 'c19d8876-a2da-4c28-ab2f-3ddd0105fdc1', 'e399208c-4931-4751-b290-6fe51f8f4458', 'd9558b7c-2629-49fd-a6e0-9cb19197a4dd', 2, 1, 'Pukulan', '15:20:33', 1705479633011, 'gagal'),
('5f7ae7eb-6467-43cf-a121-b5372b2297ff', '0a51af79-018a-45b0-bc80-466012ce7182', 'e399208c-4931-4751-b290-6fe51f8f4458', '12903ec2-e8d5-47ff-8724-da8a04ae6026', 1, 2, 'Tendangan', '20:11:09', 1705410669121, 'pakai'),
('5f8ccb21-42c3-44fd-9e97-f258019729d1', '48d5f2df-2666-4d70-ac24-dde1a9ada6d8', '234f9989-2f78-4642-bb97-7e5e99cc2fee', 'f6055ec8-8724-4a9e-92fa-15ac7a0075aa', 2, 1, 'Pukulan', '20:25:20', 1705411520950, 'gagal');
INSERT INTO `nilai` (`id_nilai`, `id_tanding`, `id_wasit`, `id_peserta`, `babak`, `skor`, `ket`, `waktu`, `timer`, `status`) VALUES
('5fda84a9-31b4-4f42-992b-5a0e47d1514c', '81f48620-f7c6-4c70-ae47-257a4027f9b8', '1b0097e7-befc-404f-902e-1f5fbce1e659', 'fc5399e5-128c-4ce7-a028-d4ccf1058f09', 2, 2, 'Tendangan', '15:17:56', 1706602676938, 'gagal'),
('60590f36-8776-40fc-aa3e-04104f24e9e0', 'c19d8876-a2da-4c28-ab2f-3ddd0105fdc1', 'e91e6bee-4207-45dc-bc7f-a741c112838b', 'd9558b7c-2629-49fd-a6e0-9cb19197a4dd', 2, 1, 'Pukulan', '15:20:59', 1705479659399, 'pakai'),
('6208cd4b-d17f-418d-8d1e-332a5bff446e', '75ff1cd6-f4f3-4f76-8b6f-6dcab342e37d', '6717bd20-cac4-491c-a55e-dfcac8c3b0b5', '82c473b8-fbdf-4028-906f-0edadf4b6054', 1, 2, 'Tendangan', '20:48:31', 1705412911254, 'gagal'),
('62390b54-df6b-4e8e-97f9-78231d73dc2f', '4d46c629-6451-4887-9261-5527a958ca34', '736508aa-9cdc-4055-8314-9988b4cb824f', '66c61a8d-2870-4244-8372-68840526ea89', 2, 1, 'Pukulan', '20:06:44', 1705410404327, 'gagal'),
('6275ae46-ed8f-4c6a-8f28-227edeaf2cbe', 'd1d5353c-d1da-474a-afed-5927f8c9a289', '516aa764-f6f6-4925-9eb9-4aba53ad283c', 'a1d62779-e810-4fc5-95d6-4932539131f8', 2, 1, 'Pukulan', '20:59:47', 1705413587006, 'gagal'),
('632208d0-e898-4d37-8b64-7d03302992d3', 'c7c39275-1133-4386-b640-eab8a97968ca', '538dcb20-bc30-4a2b-a430-556133ffef55', '090f95b6-336f-4e82-8afd-44ec65288e1a', 1, 1, 'Pukulan', '17:13:30', 1706696010256, 'pakai'),
('63339671-25bf-4c6e-943a-bb163b039abd', '81f48620-f7c6-4c70-ae47-257a4027f9b8', '1b0097e7-befc-404f-902e-1f5fbce1e659', 'fc5399e5-128c-4ce7-a028-d4ccf1058f09', 3, 2, 'Tendangan', '15:37:05', 1706603825251, 'gagal'),
('63b63c2b-eb9a-40a0-8bce-384be633ffe5', '237d8e93-2128-4bb6-b2e4-96cc1f4bbd16', '538dcb20-bc30-4a2b-a430-556133ffef55', 'cf7b19d4-a8b1-4a4b-a505-8a70f5298002', 1, 1, 'Pukulan', '15:04:28', 1705478668479, 'gagal'),
('63bd0c5e-b528-4404-9302-6f53d4e34b55', '81f48620-f7c6-4c70-ae47-257a4027f9b8', '1b0097e7-befc-404f-902e-1f5fbce1e659', 'fc5399e5-128c-4ce7-a028-d4ccf1058f09', 3, 1, 'Pukulan', '15:37:10', 1706603830980, 'gagal'),
('640fefb7-2366-41ba-84c4-2dd5c7b821cf', 'c19d8876-a2da-4c28-ab2f-3ddd0105fdc1', 'e91e6bee-4207-45dc-bc7f-a741c112838b', '28634827-8a0c-4ea0-b61a-423418d582ea', 2, 2, 'Tendangan', '15:21:25', 1705479685025, 'pakai'),
('64278d2e-c021-4ba4-864d-ffc336521e76', '81f48620-f7c6-4c70-ae47-257a4027f9b8', '1b0097e7-befc-404f-902e-1f5fbce1e659', 'e6b48aab-0546-4035-918a-6b02eb5f34d7', 2, 1, 'Pukulan', '15:13:11', 1706602391306, 'pakai'),
('64499ceb-a5d8-4536-a4a0-ac6195be9fb4', 'd1d64364-d328-43e7-a18b-adb89f30c6d1', '1b3e0134-4751-47d0-b336-ff0109c188b6', 'f8b7c89b-54ce-4dbe-8654-eaa5782ca53c', 1, 2, 'Tendangan', '07:19:28', 1706660368330, 'gagal'),
('65fa40c6-db97-49be-a21b-6bad013747f1', '6a5b701b-cf66-4657-a21a-dcc7fa4b3bea', '538dcb20-bc30-4a2b-a430-556133ffef55', '6717ef3a-bee0-4a6f-88e6-ed8ecf6b6068', 1, 1, 'Pukulan', '14:55:57', 1705478157661, 'gagal'),
('6605e888-4c37-45a6-9889-e3bf943c9388', '1ac734b4-7d69-45f1-89d3-e269bb293e50', '6717bd20-cac4-491c-a55e-dfcac8c3b0b5', '97323c88-fc8a-4a2f-830e-dbb6f371373c', 1, 2, 'Tendangan', '20:54:06', 1705413246446, 'pakai'),
('660e8225-ac89-41a0-acbc-b7b2ecac1c12', 'ef3dd35a-664b-4b81-8033-d24157aeb950', '736508aa-9cdc-4055-8314-9988b4cb824f', '22fb1763-71c9-4474-a345-0e5fdba84ef4', 1, 2, 'Tendangan', '07:43:07', 1706661787388, 'gagal'),
('662403d5-922a-4cd8-bae9-cbf5dba856ad', '81f48620-f7c6-4c70-ae47-257a4027f9b8', '1b0097e7-befc-404f-902e-1f5fbce1e659', 'fc5399e5-128c-4ce7-a028-d4ccf1058f09', 3, 2, 'Tendangan', '15:37:09', 1706603829287, 'gagal'),
('6644e07f-8640-4f9e-9d42-7ea2e1b5b9d3', '81f48620-f7c6-4c70-ae47-257a4027f9b8', '1b0097e7-befc-404f-902e-1f5fbce1e659', 'fc5399e5-128c-4ce7-a028-d4ccf1058f09', 2, 1, 'Pukulan', '15:17:57', 1706602677403, 'gagal'),
('66a81eae-de2a-41ea-ae2a-558627e84c0a', 'c19d8876-a2da-4c28-ab2f-3ddd0105fdc1', '1b3e0134-4751-47d0-b336-ff0109c188b6', '28634827-8a0c-4ea0-b61a-423418d582ea', 2, 2, 'Tendangan', '14:49:05', 1705564145651, 'gagal'),
('66f22e22-5865-4c31-b55b-8a96861a1ab6', 'd1d64364-d328-43e7-a18b-adb89f30c6d1', '2edcfb53-4a78-4103-85ae-2076afe83019', '4e03510b-1793-48b6-b1af-6f3a8cdafa90', 1, 2, 'Tendangan', '21:17:36', 1705414656305, 'gagal'),
('66ffa8c1-288b-4a45-bf8e-a8a940b287bb', 'ef3dd35a-664b-4b81-8033-d24157aeb950', '736508aa-9cdc-4055-8314-9988b4cb824f', '34ca16bb-3937-4d68-bec9-4ef1dcd06340', 1, 2, 'Tendangan', '21:25:10', 1705415110766, 'pakai'),
('674e5fec-fec6-4a04-a438-70da1b260082', '81f48620-f7c6-4c70-ae47-257a4027f9b8', '234f9989-2f78-4642-bb97-7e5e99cc2fee', 'e6b48aab-0546-4035-918a-6b02eb5f34d7', 2, 1, 'Pukulan', '14:47:08', 1706600828523, 'gagal'),
('6795f0d0-a12e-4dab-9f00-a4582455f385', '81f48620-f7c6-4c70-ae47-257a4027f9b8', '1b0097e7-befc-404f-902e-1f5fbce1e659', 'fc5399e5-128c-4ce7-a028-d4ccf1058f09', 2, 2, 'Tendangan', '15:18:00', 1706602680827, 'gagal'),
('67fa63d8-78f5-4ee6-9535-cbbc0c90df48', '237d8e93-2128-4bb6-b2e4-96cc1f4bbd16', '538dcb20-bc30-4a2b-a430-556133ffef55', 'cf7b19d4-a8b1-4a4b-a505-8a70f5298002', 1, 1, 'Pukulan', '15:05:27', 1705478727936, 'pakai'),
('68024248-c000-4ebe-b2c7-08a0ee4e004a', '9e56db5d-74af-49dc-bd85-bc414dfe8fd8', '736508aa-9cdc-4055-8314-9988b4cb824f', 'ffcc39a8-7ef2-488a-ab85-0551297e95bd', 1, 2, 'Tendangan', '20:20:10', 1705411210096, 'pakai'),
('682630c3-42f4-4ee8-acb0-95e3d810667c', '136eba5f-078f-4673-ace6-6e4de2adbfbc', '93704298-cd07-4d01-ad81-37eb2aa24006', 'f12b13f1-1cdd-4c4c-b0d1-b712be4444e5', 2, 1, 'Pukulan', '14:43:50', 1705477430131, 'gagal'),
('68449037-acef-4eea-a3ec-9bd5f078ca20', '81f48620-f7c6-4c70-ae47-257a4027f9b8', '234f9989-2f78-4642-bb97-7e5e99cc2fee', 'fc5399e5-128c-4ce7-a028-d4ccf1058f09', 2, 1, 'Pukulan', '12:12:14', 1706505134851, 'gagal'),
('684faad0-83a7-4ee9-ab04-c3994b094dfd', '4d46c629-6451-4887-9261-5527a958ca34', '736508aa-9cdc-4055-8314-9988b4cb824f', '66c61a8d-2870-4244-8372-68840526ea89', 1, 2, 'Tendangan', '20:05:22', 1705410322799, 'gagal'),
('689209fa-65cd-471d-bb63-dee2ba3c1e92', '0a51af79-018a-45b0-bc80-466012ce7182', 'e399208c-4931-4751-b290-6fe51f8f4458', '12903ec2-e8d5-47ff-8724-da8a04ae6026', 2, 2, 'Tendangan', '20:13:01', 1705410781341, 'pakai'),
('68962d9a-af79-4cb7-876e-1272c55244be', '1ac734b4-7d69-45f1-89d3-e269bb293e50', '6717bd20-cac4-491c-a55e-dfcac8c3b0b5', 'b6f03624-1f59-43fe-a005-b2626cb56952', 1, 1, 'Pukulan', '20:53:25', 1705413205085, 'pakai'),
('6a0ddb4c-cc41-4c6d-9a7d-e811ca32707e', '81f48620-f7c6-4c70-ae47-257a4027f9b8', '1b0097e7-befc-404f-902e-1f5fbce1e659', 'e6b48aab-0546-4035-918a-6b02eb5f34d7', 2, 2, 'Tendangan', '15:13:17', 1706602397320, 'pakai'),
('6a26a1b5-1b95-4e7a-9a5c-6d1f9c0ca428', '81f48620-f7c6-4c70-ae47-257a4027f9b8', '234f9989-2f78-4642-bb97-7e5e99cc2fee', 'fc5399e5-128c-4ce7-a028-d4ccf1058f09', 2, 1, 'Pukulan', '14:34:50', 1706600090832, 'gagal'),
('6a514903-d52e-42d8-8004-72b59aede820', '81f48620-f7c6-4c70-ae47-257a4027f9b8', '1b0097e7-befc-404f-902e-1f5fbce1e659', 'fc5399e5-128c-4ce7-a028-d4ccf1058f09', 2, 1, 'Pukulan', '15:17:59', 1706602679051, 'gagal'),
('6b60eff0-4fa6-42f9-9334-106fb40f5462', 'c7c39275-1133-4386-b640-eab8a97968ca', '538dcb20-bc30-4a2b-a430-556133ffef55', '090f95b6-336f-4e82-8afd-44ec65288e1a', 2, 2, 'Tendangan', '20:38:02', 1705412282164, 'gagal'),
('6bdeaf1d-6189-4476-8903-79e75a2de718', 'd1d5353c-d1da-474a-afed-5927f8c9a289', '2edcfb53-4a78-4103-85ae-2076afe83019', 'a1d62779-e810-4fc5-95d6-4932539131f8', 1, 1, 'Pukulan', '20:58:02', 1705413482121, 'gagal'),
('6bedb910-afb2-40d0-ba46-b828ceb72e3f', '136eba5f-078f-4673-ace6-6e4de2adbfbc', '234f9989-2f78-4642-bb97-7e5e99cc2fee', '531e1450-326f-476e-ab8a-ff71d0d49ff9', 2, 2, 'Tendangan', '14:43:48', 1705477428731, 'pakai'),
('6c8794b1-db08-443a-8ea4-fab2ce2757b3', '0a51af79-018a-45b0-bc80-466012ce7182', 'e91e6bee-4207-45dc-bc7f-a741c112838b', '12903ec2-e8d5-47ff-8724-da8a04ae6026', 1, 2, 'Tendangan', '20:10:42', 1705410642396, 'pakai'),
('6cc6eae4-884a-4744-90dc-5e166913a157', '02598eb4-9c75-4e2f-8803-bd373e1cc863', '234f9989-2f78-4642-bb97-7e5e99cc2fee', '84855134-8a16-485c-a6c9-3c56c4212bb3', 2, 1, 'Pukulan', '15:11:18', 1705479078848, 'pakai'),
('6d26a4bd-3d30-4ef9-b5ce-2830c91e84e9', '0a51af79-018a-45b0-bc80-466012ce7182', '234f9989-2f78-4642-bb97-7e5e99cc2fee', '12903ec2-e8d5-47ff-8724-da8a04ae6026', 1, 2, 'Tendangan', '20:11:09', 1705410669519, 'pakai'),
('6d6b20c6-1c35-4373-a837-382f727e336c', '4d46c629-6451-4887-9261-5527a958ca34', '234f9989-2f78-4642-bb97-7e5e99cc2fee', '66c61a8d-2870-4244-8372-68840526ea89', 1, 2, 'Tendangan', '20:05:21', 1705410321957, 'pakai'),
('6db99c3e-8feb-4244-a654-e087ee0fe41f', 'e550844d-5ea8-4a3c-872f-b31030c0dcf9', 'e1ca0783-05ba-4f1a-9206-e1497a4ec065', 'f2e09cb9-ae65-4f4c-8787-37c78018ef16', 1, 2, 'Tendangan', '20:42:18', 1705412538912, 'pakai'),
('6dd99a9e-fadf-41d9-83ed-b0cf33bf53d1', 'ef3dd35a-664b-4b81-8033-d24157aeb950', '736508aa-9cdc-4055-8314-9988b4cb824f', '22fb1763-71c9-4474-a345-0e5fdba84ef4', 1, 1, 'Pukulan', '07:10:22', 1706659822866, 'gagal'),
('6e3bdf67-cfc3-4fb9-b693-407d0cf300c5', 'c7c39275-1133-4386-b640-eab8a97968ca', '538dcb20-bc30-4a2b-a430-556133ffef55', '8c4251e0-2cbb-42c5-8466-290c480d9338', 2, 2, 'Tendangan', '20:38:54', 1705412334783, 'pakai'),
('6e67622d-a28b-442a-81e7-272b4b07f055', 'd1d5353c-d1da-474a-afed-5927f8c9a289', '516aa764-f6f6-4925-9eb9-4aba53ad283c', '2e0342b7-ea1b-41ef-87ce-221fbc0aa854', 2, 2, 'Tendangan', '21:00:38', 1705413638307, 'gagal'),
('6e72373a-d2f8-4d7c-a27a-8feac72afaba', '4d46c629-6451-4887-9261-5527a958ca34', 'e91e6bee-4207-45dc-bc7f-a741c112838b', '66c61a8d-2870-4244-8372-68840526ea89', 2, 2, 'Tendangan', '20:07:08', 1705410428248, 'pakai'),
('6f163415-7329-4f9e-a20b-22104ae23668', 'c7c39275-1133-4386-b640-eab8a97968ca', '6717bd20-cac4-491c-a55e-dfcac8c3b0b5', '090f95b6-336f-4e82-8afd-44ec65288e1a', 1, 1, 'Pukulan', '20:36:21', 1705412181303, 'gagal'),
('6f568913-4b77-4077-9900-8f5badeae0fc', '194969d7-0d68-469f-9a22-1f3c99957504', '516aa764-f6f6-4925-9eb9-4aba53ad283c', 'db4079d9-206a-4273-8fc9-892b3c9543f2', 1, 2, 'Tendangan', '21:03:12', 1705413792914, 'pakai'),
('6ff6fb4f-a86e-4203-ab7c-b6c5d888ba48', 'ef3dd35a-664b-4b81-8033-d24157aeb950', '736508aa-9cdc-4055-8314-9988b4cb824f', '34ca16bb-3937-4d68-bec9-4ef1dcd06340', 1, 1, 'Pukulan', '07:43:10', 1706661790479, 'gagal'),
('707fbec2-8f37-4251-bb73-0f713ca482a6', '81f48620-f7c6-4c70-ae47-257a4027f9b8', '1b0097e7-befc-404f-902e-1f5fbce1e659', 'fc5399e5-128c-4ce7-a028-d4ccf1058f09', 1, 1, 'Pukulan', '11:09:15', 1705896555023, 'gagal'),
('70cf61e8-dea1-4e1a-bace-476a369042b6', 'c7c39275-1133-4386-b640-eab8a97968ca', '538dcb20-bc30-4a2b-a430-556133ffef55', '8c4251e0-2cbb-42c5-8466-290c480d9338', 1, 2, 'Tendangan', '20:36:44', 1705412204401, 'pakai'),
('726805d8-cc1e-4615-9faa-c24775064ba6', '0a51af79-018a-45b0-bc80-466012ce7182', 'e399208c-4931-4751-b290-6fe51f8f4458', '12903ec2-e8d5-47ff-8724-da8a04ae6026', 1, 2, 'Tendangan', '20:11:28', 1705410688208, 'pakai'),
('7327ffb8-1fb5-43bf-98d3-02f532eaa5eb', 'c19d8876-a2da-4c28-ab2f-3ddd0105fdc1', '1b3e0134-4751-47d0-b336-ff0109c188b6', 'd9558b7c-2629-49fd-a6e0-9cb19197a4dd', 2, 2, 'Tendangan', '14:48:58', 1705564138410, 'gagal'),
('73a01397-5a48-404d-84be-d2853c6d7e3f', 'e550844d-5ea8-4a3c-872f-b31030c0dcf9', 'e1ca0783-05ba-4f1a-9206-e1497a4ec065', 'f2e09cb9-ae65-4f4c-8787-37c78018ef16', 1, 2, 'Tendangan', '20:42:06', 1705412526896, 'pakai'),
('73d86ccb-31a4-46f7-a846-0b13d9a6908b', '81f48620-f7c6-4c70-ae47-257a4027f9b8', '234f9989-2f78-4642-bb97-7e5e99cc2fee', 'fc5399e5-128c-4ce7-a028-d4ccf1058f09', 2, 2, 'Tendangan', '15:13:31', 1706602411679, 'pakai'),
('7420e017-9363-44f7-9e5a-ae317a02da0d', '48d5f2df-2666-4d70-ac24-dde1a9ada6d8', 'e399208c-4931-4751-b290-6fe51f8f4458', 'f6055ec8-8724-4a9e-92fa-15ac7a0075aa', 1, 2, 'Tendangan', '20:23:32', 1705411412947, 'pakai'),
('74731edd-5339-4d75-87e2-a9a3da3d094a', '81f48620-f7c6-4c70-ae47-257a4027f9b8', '1b0097e7-befc-404f-902e-1f5fbce1e659', 'e6b48aab-0546-4035-918a-6b02eb5f34d7', 1, 2, 'Tendangan', '17:55:23', 1706612123139, 'gagal'),
('750ce80b-9e10-4155-b0fc-dfec95c3f1f1', '194969d7-0d68-469f-9a22-1f3c99957504', '516aa764-f6f6-4925-9eb9-4aba53ad283c', 'db4079d9-206a-4273-8fc9-892b3c9543f2', 2, 1, 'Pukulan', '21:04:49', 1705413889942, 'pakai'),
('7527c63b-c5e7-4324-9f81-c4a474f07d47', '81f48620-f7c6-4c70-ae47-257a4027f9b8', '1b0097e7-befc-404f-902e-1f5fbce1e659', 'fc5399e5-128c-4ce7-a028-d4ccf1058f09', 3, 2, 'Tendangan', '15:37:03', 1706603823520, 'gagal'),
('752a0f29-619a-4cf7-8b99-c966cd4320ac', '4d46c629-6451-4887-9261-5527a958ca34', '234f9989-2f78-4642-bb97-7e5e99cc2fee', '66c61a8d-2870-4244-8372-68840526ea89', 2, 2, 'Tendangan', '20:07:07', 1705410427424, 'pakai'),
('753448dd-54dd-4df6-8f0d-7fb26163abbc', '4d46c629-6451-4887-9261-5527a958ca34', 'e91e6bee-4207-45dc-bc7f-a741c112838b', '66c61a8d-2870-4244-8372-68840526ea89', 2, 1, 'Pukulan', '20:07:07', 1705410427806, 'pakai'),
('754daa33-0172-4f66-99eb-210e15b1ab46', 'c19d8876-a2da-4c28-ab2f-3ddd0105fdc1', 'e399208c-4931-4751-b290-6fe51f8f4458', 'd9558b7c-2629-49fd-a6e0-9cb19197a4dd', 2, 2, 'Tendangan', '15:20:33', 1705479633941, 'gagal'),
('75594afc-fe09-4260-9208-e83bddce8935', '75ff1cd6-f4f3-4f76-8b6f-6dcab342e37d', 'e1ca0783-05ba-4f1a-9206-e1497a4ec065', '82c473b8-fbdf-4028-906f-0edadf4b6054', 1, 2, 'Tendangan', '20:48:34', 1705412914706, 'pakai'),
('75610d6c-fcaa-4849-9972-b9d9c672b43d', 'd1d64364-d328-43e7-a18b-adb89f30c6d1', 'e399208c-4931-4751-b290-6fe51f8f4458', '4e03510b-1793-48b6-b1af-6f3a8cdafa90', 1, 2, 'Tendangan', '21:17:29', 1705414649579, 'pakai'),
('75a06c7d-53cd-4cc6-8d10-b5cef44d549b', '02598eb4-9c75-4e2f-8803-bd373e1cc863', '234f9989-2f78-4642-bb97-7e5e99cc2fee', '84855134-8a16-485c-a6c9-3c56c4212bb3', 1, 2, 'Tendangan', '15:10:06', 1705479006309, 'pakai'),
('75c9e8fd-4b62-431f-806c-5091b7a8b77e', 'c19d8876-a2da-4c28-ab2f-3ddd0105fdc1', '1b3e0134-4751-47d0-b336-ff0109c188b6', '28634827-8a0c-4ea0-b61a-423418d582ea', 1, 2, 'Tendangan', '15:19:33', 1705479573811, 'gagal'),
('76bb5658-de13-4f2c-912d-c1c0e731b610', '81f48620-f7c6-4c70-ae47-257a4027f9b8', '1b0097e7-befc-404f-902e-1f5fbce1e659', 'fc5399e5-128c-4ce7-a028-d4ccf1058f09', 3, 2, 'Tendangan', '15:37:10', 1706603830710, 'gagal'),
('76c02c20-fd67-4872-a1fd-dfbf0901d269', '0a51af79-018a-45b0-bc80-466012ce7182', 'e399208c-4931-4751-b290-6fe51f8f4458', '12903ec2-e8d5-47ff-8724-da8a04ae6026', 2, 1, 'Pukulan', '20:12:55', 1705410775449, 'gagal'),
('76ec5865-8397-45fd-88b7-6f07df15f226', '81f48620-f7c6-4c70-ae47-257a4027f9b8', '234f9989-2f78-4642-bb97-7e5e99cc2fee', 'e6b48aab-0546-4035-918a-6b02eb5f34d7', 1, 1, 'Pukulan', '08:49:00', 1705542540755, 'gagal'),
('76f7e317-8346-4548-8f88-01878b57f4cf', '75ff1cd6-f4f3-4f76-8b6f-6dcab342e37d', 'e1ca0783-05ba-4f1a-9206-e1497a4ec065', '82c473b8-fbdf-4028-906f-0edadf4b6054', 1, 2, 'Tendangan', '20:48:18', 1705412898990, 'gagal'),
('78f76d1d-037e-49ee-95fa-f90a7370fb04', 'ef3dd35a-664b-4b81-8033-d24157aeb950', '736508aa-9cdc-4055-8314-9988b4cb824f', '34ca16bb-3937-4d68-bec9-4ef1dcd06340', 1, 2, 'Tendangan', '07:10:49', 1706659849033, 'gagal'),
('792835c8-50fe-4e36-98c2-c57ae4a8bc84', '81f48620-f7c6-4c70-ae47-257a4027f9b8', '1b0097e7-befc-404f-902e-1f5fbce1e659', 'fc5399e5-128c-4ce7-a028-d4ccf1058f09', 3, 2, 'Tendangan', '15:37:10', 1706603830101, 'gagal'),
('7965b729-1578-4894-9082-44dcc26534c5', '81f48620-f7c6-4c70-ae47-257a4027f9b8', '234f9989-2f78-4642-bb97-7e5e99cc2fee', 'fc5399e5-128c-4ce7-a028-d4ccf1058f09', 2, 1, 'Pukulan', '15:13:24', 1706602404594, 'pakai'),
('79a3c380-dc86-44d2-9e54-94e1f4ccfbe5', '81f48620-f7c6-4c70-ae47-257a4027f9b8', '1b0097e7-befc-404f-902e-1f5fbce1e659', 'fc5399e5-128c-4ce7-a028-d4ccf1058f09', 2, 1, 'Pukulan', '15:11:05', 1706602265210, 'gagal'),
('79e50989-3b45-4d48-9d6b-35fd064a21ce', 'e8db93c0-9a96-48b2-b9ab-faab6c8844ef', '516aa764-f6f6-4925-9eb9-4aba53ad283c', '3afb54a2-4978-4144-8479-8ada021a05dd', 1, 2, 'Tendangan', '21:10:28', 1705414228694, 'pakai'),
('7a4b2a2e-5e1f-4a0f-b806-cb77f176698e', '81f48620-f7c6-4c70-ae47-257a4027f9b8', '1b0097e7-befc-404f-902e-1f5fbce1e659', 'e6b48aab-0546-4035-918a-6b02eb5f34d7', 3, 1, 'Pukulan', '15:13:52', 1706602432700, 'pakai'),
('7ab7d6e5-b10c-4ca1-90f1-681aebd5494e', 'e8db93c0-9a96-48b2-b9ab-faab6c8844ef', 'e399208c-4931-4751-b290-6fe51f8f4458', '3afb54a2-4978-4144-8479-8ada021a05dd', 1, 1, 'Pukulan', '21:10:29', 1705414229825, 'pakai'),
('7ad11559-9970-44af-84a5-b27b06a122a5', 'e8db93c0-9a96-48b2-b9ab-faab6c8844ef', '516aa764-f6f6-4925-9eb9-4aba53ad283c', '3afb54a2-4978-4144-8479-8ada021a05dd', 1, 1, 'Pukulan', '21:10:30', 1705414230263, 'gagal'),
('7af99ba9-397c-497c-8c8b-526088b90a2f', '02598eb4-9c75-4e2f-8803-bd373e1cc863', '736508aa-9cdc-4055-8314-9988b4cb824f', '84855134-8a16-485c-a6c9-3c56c4212bb3', 1, 2, 'Tendangan', '15:10:23', 1705479023153, 'gagal'),
('7b42f3b9-dcdd-431e-beac-77345546df83', '4d46c629-6451-4887-9261-5527a958ca34', 'e91e6bee-4207-45dc-bc7f-a741c112838b', '55753637-757b-455d-9fde-31ccecb9f831', 2, 1, 'Pukulan', '20:07:13', 1705410433784, 'pakai'),
('7b659677-1e97-407b-86a6-8afe90915031', '81f48620-f7c6-4c70-ae47-257a4027f9b8', '1b0097e7-befc-404f-902e-1f5fbce1e659', 'fc5399e5-128c-4ce7-a028-d4ccf1058f09', 1, 2, 'Tendangan', '15:37:57', 1706603877210, 'gagal'),
('7b6d4aa3-60ed-4f2b-99b2-ca32b76bb382', '4d46c629-6451-4887-9261-5527a958ca34', '234f9989-2f78-4642-bb97-7e5e99cc2fee', '55753637-757b-455d-9fde-31ccecb9f831', 1, 1, 'Pukulan', '20:05:24', 1705410324009, 'gagal'),
('7b88b0ed-890e-4108-bd65-1b0c3883f58c', '81f48620-f7c6-4c70-ae47-257a4027f9b8', '1b0097e7-befc-404f-902e-1f5fbce1e659', 'fc5399e5-128c-4ce7-a028-d4ccf1058f09', 2, 2, 'Tendangan', '15:18:09', 1706602689064, 'gagal'),
('7ba1a337-6663-44a4-b867-3f28cc9a1160', 'e550844d-5ea8-4a3c-872f-b31030c0dcf9', 'e1ca0783-05ba-4f1a-9206-e1497a4ec065', 'f2e09cb9-ae65-4f4c-8787-37c78018ef16', 1, 2, 'Tendangan', '20:42:31', 1705412551309, 'gagal'),
('7c07ca66-9ae9-4792-903b-409bf63e4d5d', '0a51af79-018a-45b0-bc80-466012ce7182', 'e91e6bee-4207-45dc-bc7f-a741c112838b', '12903ec2-e8d5-47ff-8724-da8a04ae6026', 1, 2, 'Tendangan', '20:11:29', 1705410689489, 'pakai'),
('7c870afe-4cdf-474d-a665-f70104a2ab4f', 'd1d5353c-d1da-474a-afed-5927f8c9a289', '2edcfb53-4a78-4103-85ae-2076afe83019', 'a1d62779-e810-4fc5-95d6-4932539131f8', 2, 1, 'Pukulan', '21:00:08', 1705413608168, 'pakai'),
('7cb081ed-9570-41bc-bc97-5fe6f09e2758', '237d8e93-2128-4bb6-b2e4-96cc1f4bbd16', '736508aa-9cdc-4055-8314-9988b4cb824f', 'f6055ec8-8724-4a9e-92fa-15ac7a0075aa', 2, 2, 'Tendangan', '15:06:54', 1705478814735, 'pakai'),
('7d1dc311-0627-463e-8377-9444ae5c2571', 'c7c39275-1133-4386-b640-eab8a97968ca', '93704298-cd07-4d01-ad81-37eb2aa24006', '090f95b6-336f-4e82-8afd-44ec65288e1a', 1, 2, 'Tendangan', '20:36:29', 1705412189074, 'gagal'),
('7ea6d779-682d-4150-85bc-f9314a773276', 'c19d8876-a2da-4c28-ab2f-3ddd0105fdc1', 'e399208c-4931-4751-b290-6fe51f8f4458', '28634827-8a0c-4ea0-b61a-423418d582ea', 1, 2, 'Tendangan', '15:19:25', 1705479565263, 'gagal'),
('7f6f8643-d190-4c5c-84f7-a331a1ca6d90', 'ef3dd35a-664b-4b81-8033-d24157aeb950', '234f9989-2f78-4642-bb97-7e5e99cc2fee', '34ca16bb-3937-4d68-bec9-4ef1dcd06340', 1, 1, 'Pukulan', '21:27:42', 1705415262769, 'gagal'),
('7fe3deb2-a6be-47ca-83e2-fd74afe92fef', '6a5b701b-cf66-4657-a21a-dcc7fa4b3bea', '234f9989-2f78-4642-bb97-7e5e99cc2fee', '6717ef3a-bee0-4a6f-88e6-ed8ecf6b6068', 2, 1, 'Pukulan', '14:57:22', 1705478242570, 'pakai'),
('80adfbdc-8b6d-4000-a720-e85fce3dfa11', 'c19d8876-a2da-4c28-ab2f-3ddd0105fdc1', '1b3e0134-4751-47d0-b336-ff0109c188b6', '28634827-8a0c-4ea0-b61a-423418d582ea', 2, 2, 'Tendangan', '15:20:58', 1705479658547, 'gagal'),
('80c0fd10-8f69-4bcb-be4d-1afcbb7e6b0e', 'e8db93c0-9a96-48b2-b9ab-faab6c8844ef', 'e399208c-4931-4751-b290-6fe51f8f4458', '3afb54a2-4978-4144-8479-8ada021a05dd', 1, 2, 'Tendangan', '21:09:36', 1705414176516, 'gagal'),
('8142818e-2e7e-44aa-bd07-8aac91e98bd8', '194969d7-0d68-469f-9a22-1f3c99957504', '2edcfb53-4a78-4103-85ae-2076afe83019', 'db4079d9-206a-4273-8fc9-892b3c9543f2', 1, 2, 'Tendangan', '21:03:34', 1705413814092, 'gagal'),
('816c5e4b-228f-4da6-9ea7-a965e7fd1b6c', '81f48620-f7c6-4c70-ae47-257a4027f9b8', '1b0097e7-befc-404f-902e-1f5fbce1e659', 'fc5399e5-128c-4ce7-a028-d4ccf1058f09', 2, 2, 'Tendangan', '15:18:02', 1706602682134, 'gagal'),
('8171c389-eacb-44cb-9acf-c9c638713553', 'c19d8876-a2da-4c28-ab2f-3ddd0105fdc1', '1b3e0134-4751-47d0-b336-ff0109c188b6', 'd9558b7c-2629-49fd-a6e0-9cb19197a4dd', 2, 1, 'Pukulan', '15:20:32', 1705479632466, 'pakai'),
('81aa82dd-878a-4686-ad8b-539694e7c470', 'd1d64364-d328-43e7-a18b-adb89f30c6d1', '2edcfb53-4a78-4103-85ae-2076afe83019', 'f8b7c89b-54ce-4dbe-8654-eaa5782ca53c', 1, 2, 'Tendangan', '21:19:28', 1705414768831, 'gagal'),
('82461bcd-078f-4773-9ea3-d2313de1b309', '4d46c629-6451-4887-9261-5527a958ca34', '234f9989-2f78-4642-bb97-7e5e99cc2fee', '66c61a8d-2870-4244-8372-68840526ea89', 1, 1, 'Pukulan', '20:04:55', 1705410295299, 'gagal'),
('827afedc-54b8-4ef6-a9ea-65a5205e202f', '81f48620-f7c6-4c70-ae47-257a4027f9b8', '1b0097e7-befc-404f-902e-1f5fbce1e659', 'fc5399e5-128c-4ce7-a028-d4ccf1058f09', 3, 2, 'Tendangan', '15:37:04', 1706603824405, 'gagal'),
('82b9b7cc-410d-49c8-8380-6e9e3bab500f', '81f48620-f7c6-4c70-ae47-257a4027f9b8', '1b0097e7-befc-404f-902e-1f5fbce1e659', 'e6b48aab-0546-4035-918a-6b02eb5f34d7', 2, 2, 'Tendangan', '15:10:05', 1706602205490, 'gagal'),
('82bf29f9-a497-40e9-94d8-1e897c8be3c4', '0a51af79-018a-45b0-bc80-466012ce7182', 'e399208c-4931-4751-b290-6fe51f8f4458', 'b888c4ef-2599-4c18-9eb7-8f46cdfd1a04', 2, 1, 'Pukulan', '20:12:25', 1705410745519, 'gagal'),
('8402ad00-6e3b-4d7d-babb-f12089b85cdb', '75ff1cd6-f4f3-4f76-8b6f-6dcab342e37d', 'e1ca0783-05ba-4f1a-9206-e1497a4ec065', '82c473b8-fbdf-4028-906f-0edadf4b6054', 1, 2, 'Tendangan', '20:50:23', 1705413023964, 'gagal'),
('84beac09-6076-475a-8279-8511ad50543a', '6a5b701b-cf66-4657-a21a-dcc7fa4b3bea', '234f9989-2f78-4642-bb97-7e5e99cc2fee', '6717ef3a-bee0-4a6f-88e6-ed8ecf6b6068', 1, 1, 'Pukulan', '14:55:46', 1705478146528, 'pakai'),
('84f728ef-67ea-4fad-b32e-579de9c8bc88', 'd1d5353c-d1da-474a-afed-5927f8c9a289', 'e399208c-4931-4751-b290-6fe51f8f4458', '2e0342b7-ea1b-41ef-87ce-221fbc0aa854', 2, 1, 'Pukulan', '21:00:19', 1705413619002, 'gagal'),
('85d2180c-4440-4172-aeb3-df33b728d518', 'c7c39275-1133-4386-b640-eab8a97968ca', '6717bd20-cac4-491c-a55e-dfcac8c3b0b5', '090f95b6-336f-4e82-8afd-44ec65288e1a', 1, 1, 'Pukulan', '20:36:21', 1705412181648, 'gagal'),
('85eeedc9-efd8-4075-b54d-eef1d6d2ec11', '81f48620-f7c6-4c70-ae47-257a4027f9b8', '234f9989-2f78-4642-bb97-7e5e99cc2fee', 'e6b48aab-0546-4035-918a-6b02eb5f34d7', 3, 2, 'Tendangan', '15:13:58', 1706602438473, 'gagal'),
('86c28a7e-3e44-4a53-9a1f-8e4c6b8ce6e6', 'ef3dd35a-664b-4b81-8033-d24157aeb950', 'e1ca0783-05ba-4f1a-9206-e1497a4ec065', '34ca16bb-3937-4d68-bec9-4ef1dcd06340', 1, 1, 'Pukulan', '21:24:44', 1705415084609, 'pakai'),
('87694e93-4ffe-4a1d-b9dc-fe4368ba8a77', 'e550844d-5ea8-4a3c-872f-b31030c0dcf9', '93704298-cd07-4d01-ad81-37eb2aa24006', '88dbb057-17d1-4f89-9033-3fd8b66e6195', 1, 1, 'Pukulan', '16:52:03', 1706694723516, 'gagal'),
('883e97d8-d0a1-43ff-9e87-102a24afb242', '81f48620-f7c6-4c70-ae47-257a4027f9b8', '1b0097e7-befc-404f-902e-1f5fbce1e659', 'fc5399e5-128c-4ce7-a028-d4ccf1058f09', 1, 2, 'Tendangan', '15:37:59', 1706603879174, 'gagal'),
('88417a00-5107-40e8-957b-c2432b4a1185', '81f48620-f7c6-4c70-ae47-257a4027f9b8', '234f9989-2f78-4642-bb97-7e5e99cc2fee', 'fc5399e5-128c-4ce7-a028-d4ccf1058f09', 2, 1, 'Pukulan', '14:46:57', 1706600817634, 'gagal'),
('88d9fd86-ca23-43c0-95a8-0a2742b1fd1c', '48d5f2df-2666-4d70-ac24-dde1a9ada6d8', '234f9989-2f78-4642-bb97-7e5e99cc2fee', 'f6055ec8-8724-4a9e-92fa-15ac7a0075aa', 2, 2, 'Tendangan', '20:25:32', 1705411532664, 'gagal'),
('896a61ab-3c65-4ab4-a5a1-a32d4791ce9b', '81f48620-f7c6-4c70-ae47-257a4027f9b8', '1b0097e7-befc-404f-902e-1f5fbce1e659', 'fc5399e5-128c-4ce7-a028-d4ccf1058f09', 3, 1, 'Pukulan', '15:37:07', 1706603827164, 'gagal'),
('8b1b185c-3a9c-4d6c-881a-7cd5b3bb0868', '4d46c629-6451-4887-9261-5527a958ca34', 'e91e6bee-4207-45dc-bc7f-a741c112838b', '66c61a8d-2870-4244-8372-68840526ea89', 1, 2, 'Tendangan', '20:05:22', 1705410322272, 'pakai'),
('8c3330c8-46fd-4e50-bd32-922c468fd9c7', '0a51af79-018a-45b0-bc80-466012ce7182', 'e91e6bee-4207-45dc-bc7f-a741c112838b', '12903ec2-e8d5-47ff-8724-da8a04ae6026', 2, 2, 'Tendangan', '20:12:26', 1705410746458, 'gagal'),
('8c4787db-2d03-4765-b5e0-4d1dcd48f1cc', '94bb76c5-fbdf-465f-9fbc-bf6d7c51a98a', 'e399208c-4931-4751-b290-6fe51f8f4458', '28634827-8a0c-4ea0-b61a-423418d582ea', 1, 2, 'Tendangan', '20:28:14', 1705411694463, 'pakai'),
('8c95f678-aa89-458a-ae9f-0b5593558cf3', 'c19d8876-a2da-4c28-ab2f-3ddd0105fdc1', '1b3e0134-4751-47d0-b336-ff0109c188b6', '28634827-8a0c-4ea0-b61a-423418d582ea', 2, 2, 'Tendangan', '14:49:10', 1705564150625, 'gagal'),
('8cbbf9e4-3dbd-454a-bded-e8e6a34f72d4', 'd1d64364-d328-43e7-a18b-adb89f30c6d1', '2edcfb53-4a78-4103-85ae-2076afe83019', '4e03510b-1793-48b6-b1af-6f3a8cdafa90', 1, 2, 'Tendangan', '21:18:15', 1705414695272, 'pakai'),
('8cbe8264-338a-450a-bdd8-13252f6f142b', '02598eb4-9c75-4e2f-8803-bd373e1cc863', '234f9989-2f78-4642-bb97-7e5e99cc2fee', '84855134-8a16-485c-a6c9-3c56c4212bb3', 1, 1, 'Pukulan', '15:09:10', 1705478950277, 'gagal'),
('8d1bb894-4c38-41e0-80a6-1d5adbd195c3', '1ac734b4-7d69-45f1-89d3-e269bb293e50', '538dcb20-bc30-4a2b-a430-556133ffef55', '97323c88-fc8a-4a2f-830e-dbb6f371373c', 1, 2, 'Tendangan', '20:54:08', 1705413248879, 'gagal'),
('8d63bafb-553c-46dc-810b-0590f4dbc8b2', '1ac734b4-7d69-45f1-89d3-e269bb293e50', 'e1ca0783-05ba-4f1a-9206-e1497a4ec065', '97323c88-fc8a-4a2f-830e-dbb6f371373c', 1, 2, 'Tendangan', '20:53:31', 1705413211902, 'pakai'),
('8e7b91af-8fe6-485c-b988-65879b184a67', '4d46c629-6451-4887-9261-5527a958ca34', '736508aa-9cdc-4055-8314-9988b4cb824f', '66c61a8d-2870-4244-8372-68840526ea89', 2, 2, 'Tendangan', '20:07:14', 1705410434267, 'gagal'),
('8f133953-6aa1-4772-ac5a-0beb95a2ebba', '136eba5f-078f-4673-ace6-6e4de2adbfbc', '538dcb20-bc30-4a2b-a430-556133ffef55', '531e1450-326f-476e-ab8a-ff71d0d49ff9', 1, 2, 'Tendangan', '14:41:43', 1705477303537, 'gagal'),
('8f3776dc-abed-43db-a49d-e5291ef2b54f', 'd1d5353c-d1da-474a-afed-5927f8c9a289', '2edcfb53-4a78-4103-85ae-2076afe83019', '2e0342b7-ea1b-41ef-87ce-221fbc0aa854', 2, 2, 'Tendangan', '20:59:52', 1705413592665, 'pakai'),
('8f5dea3a-8c62-4aa3-8986-5b300e63c9ab', '4d46c629-6451-4887-9261-5527a958ca34', '234f9989-2f78-4642-bb97-7e5e99cc2fee', '55753637-757b-455d-9fde-31ccecb9f831', 1, 1, 'Pukulan', '20:05:30', 1705410330747, 'pakai'),
('8fad93b2-26cc-4078-adc1-1f87ea547684', 'd1d5353c-d1da-474a-afed-5927f8c9a289', '2edcfb53-4a78-4103-85ae-2076afe83019', '2e0342b7-ea1b-41ef-87ce-221fbc0aa854', 2, 2, 'Tendangan', '21:00:25', 1705413625979, 'gagal'),
('8fe63112-84a1-4493-9a0e-4fb324827773', '4d46c629-6451-4887-9261-5527a958ca34', '234f9989-2f78-4642-bb97-7e5e99cc2fee', '66c61a8d-2870-4244-8372-68840526ea89', 1, 2, 'Tendangan', '20:05:25', 1705410325359, 'gagal'),
('916431af-7306-4e0a-8242-e91fa84f9187', '136eba5f-078f-4673-ace6-6e4de2adbfbc', '93704298-cd07-4d01-ad81-37eb2aa24006', '531e1450-326f-476e-ab8a-ff71d0d49ff9', 2, 2, 'Tendangan', '14:43:49', 1705477429010, 'pakai'),
('91a78755-b814-46dc-9b2b-f9622b1fcb6a', 'e8db93c0-9a96-48b2-b9ab-faab6c8844ef', 'e399208c-4931-4751-b290-6fe51f8f4458', '3afb54a2-4978-4144-8479-8ada021a05dd', 1, 1, 'Pukulan', '21:10:49', 1705414249479, 'gagal'),
('923b5bb4-0e8f-41d0-9373-56b6f15c3396', 'd2ebfb70-4856-4793-8ce0-305b4a01bf4b', 'e1ca0783-05ba-4f1a-9206-e1497a4ec065', '8da604b6-fe0f-4efa-b40c-da5f96408c12', 1, 1, 'Pukulan', '21:31:05', 1705415465077, 'pakai'),
('92440b85-ef69-4db0-8e67-84fb011034bd', '1ac734b4-7d69-45f1-89d3-e269bb293e50', '538dcb20-bc30-4a2b-a430-556133ffef55', '97323c88-fc8a-4a2f-830e-dbb6f371373c', 1, 2, 'Tendangan', '20:53:50', 1705413230783, 'gagal'),
('92e30356-9397-465b-a2fd-b29c5ab5d29e', '1ac734b4-7d69-45f1-89d3-e269bb293e50', '538dcb20-bc30-4a2b-a430-556133ffef55', 'b6f03624-1f59-43fe-a005-b2626cb56952', 1, 1, 'Pukulan', '20:53:25', 1705413205685, 'pakai'),
('938f5ab6-3218-4377-8348-7d1d41a91666', '194969d7-0d68-469f-9a22-1f3c99957504', '1b3e0134-4751-47d0-b336-ff0109c188b6', 'db4079d9-206a-4273-8fc9-892b3c9543f2', 1, 2, 'Tendangan', '21:03:49', 1705413829637, 'gagal'),
('941e3dc6-3c6c-4155-b89a-307df5381321', '4d46c629-6451-4887-9261-5527a958ca34', '736508aa-9cdc-4055-8314-9988b4cb824f', '55753637-757b-455d-9fde-31ccecb9f831', 1, 1, 'Pukulan', '20:04:56', 1705410296032, 'pakai'),
('94376aab-607e-4a42-beb2-86012610576a', 'c19d8876-a2da-4c28-ab2f-3ddd0105fdc1', '1b3e0134-4751-47d0-b336-ff0109c188b6', 'd9558b7c-2629-49fd-a6e0-9cb19197a4dd', 2, 2, 'Tendangan', '14:49:50', 1705564190854, 'gagal'),
('94d820d9-851e-4c9a-9d8a-9ff5192aecaf', 'ef3dd35a-664b-4b81-8033-d24157aeb950', '736508aa-9cdc-4055-8314-9988b4cb824f', '34ca16bb-3937-4d68-bec9-4ef1dcd06340', 1, 2, 'Tendangan', '07:42:55', 1706661775168, 'gagal'),
('95325239-622f-4743-bb89-e83f430db678', 'd2ebfb70-4856-4793-8ce0-305b4a01bf4b', '234f9989-2f78-4642-bb97-7e5e99cc2fee', '8da604b6-fe0f-4efa-b40c-da5f96408c12', 2, 2, 'Tendangan', '21:34:13', 1705415653683, 'gagal'),
('953469a7-44ac-4bdc-9e1e-530cc270c716', '02598eb4-9c75-4e2f-8803-bd373e1cc863', '736508aa-9cdc-4055-8314-9988b4cb824f', '84855134-8a16-485c-a6c9-3c56c4212bb3', 2, 2, 'Tendangan', '15:11:21', 1705479081635, 'gagal'),
('953ded21-6acf-445a-a5c2-539eb7d01a63', '237d8e93-2128-4bb6-b2e4-96cc1f4bbd16', '538dcb20-bc30-4a2b-a430-556133ffef55', 'f6055ec8-8724-4a9e-92fa-15ac7a0075aa', 2, 2, 'Tendangan', '15:06:19', 1705478779182, 'gagal'),
('95bd5581-7f99-466f-89c2-b928a37b66c2', 'e8db93c0-9a96-48b2-b9ab-faab6c8844ef', '1b3e0134-4751-47d0-b336-ff0109c188b6', '7e93450d-4fd2-47b8-b7f7-92fdb9484432', 1, 2, 'Tendangan', '21:09:36', 1705414176354, 'gagal'),
('95e955f7-b0a1-4382-8300-80709f03cf6a', 'e8db93c0-9a96-48b2-b9ab-faab6c8844ef', 'e399208c-4931-4751-b290-6fe51f8f4458', '3afb54a2-4978-4144-8479-8ada021a05dd', 1, 2, 'Tendangan', '21:10:27', 1705414227237, 'pakai'),
('9638492a-328b-4119-a7c5-7ebaf56bef64', 'ef3dd35a-664b-4b81-8033-d24157aeb950', '736508aa-9cdc-4055-8314-9988b4cb824f', '34ca16bb-3937-4d68-bec9-4ef1dcd06340', 1, 1, 'Pukulan', '07:10:13', 1706659813874, 'gagal'),
('96c9b849-8e60-437a-8528-1aabe1afba72', 'd1d5353c-d1da-474a-afed-5927f8c9a289', 'e399208c-4931-4751-b290-6fe51f8f4458', 'a1d62779-e810-4fc5-95d6-4932539131f8', 2, 1, 'Pukulan', '21:00:25', 1705413625618, 'pakai'),
('96e9f431-1010-4955-91e0-fa0a33837d5c', 'c7c39275-1133-4386-b640-eab8a97968ca', '6717bd20-cac4-491c-a55e-dfcac8c3b0b5', '8c4251e0-2cbb-42c5-8466-290c480d9338', 1, 2, 'Tendangan', '20:37:10', 1705412230641, 'pakai'),
('9753f875-0494-4770-a27a-95a288309707', '48d5f2df-2666-4d70-ac24-dde1a9ada6d8', '234f9989-2f78-4642-bb97-7e5e99cc2fee', '335984a1-5e5a-49be-8cfa-eb648e0cc515', 2, 2, 'Tendangan', '20:25:33', 1705411533660, 'gagal'),
('977530ce-4192-4eb2-ac3d-8bab0c2e4bad', 'c7c39275-1133-4386-b640-eab8a97968ca', '93704298-cd07-4d01-ad81-37eb2aa24006', '090f95b6-336f-4e82-8afd-44ec65288e1a', 1, 2, 'Tendangan', '17:13:33', 1706696013752, 'pakai'),
('97b1cc9b-38e8-4093-840b-da059b761dc9', '9e56db5d-74af-49dc-bd85-bc414dfe8fd8', 'e399208c-4931-4751-b290-6fe51f8f4458', '23c25ec4-f527-40f8-aec6-0f5b53025244', 1, 1, 'Pukulan', '20:19:52', 1705411192209, 'pakai'),
('980a5ebc-2146-4bc4-a79a-863c48d7cf13', '48d5f2df-2666-4d70-ac24-dde1a9ada6d8', '234f9989-2f78-4642-bb97-7e5e99cc2fee', '335984a1-5e5a-49be-8cfa-eb648e0cc515', 2, 2, 'Tendangan', '20:25:31', 1705411531092, 'pakai'),
('9855c082-2a3d-4447-838e-c9c98f4e7483', '94bb76c5-fbdf-465f-9fbc-bf6d7c51a98a', 'e399208c-4931-4751-b290-6fe51f8f4458', '28634827-8a0c-4ea0-b61a-423418d582ea', 1, 2, 'Tendangan', '20:28:49', 1705411729724, 'pakai'),
('993ded7c-ba78-471d-9ffc-9f5f858c73f0', '81f48620-f7c6-4c70-ae47-257a4027f9b8', '1b0097e7-befc-404f-902e-1f5fbce1e659', 'fc5399e5-128c-4ce7-a028-d4ccf1058f09', 2, 1, 'Pukulan', '15:09:19', 1706602159481, 'gagal'),
('998d678e-c1ac-4c11-9936-fed7a35d9c93', '1ac734b4-7d69-45f1-89d3-e269bb293e50', '538dcb20-bc30-4a2b-a430-556133ffef55', '97323c88-fc8a-4a2f-830e-dbb6f371373c', 1, 2, 'Tendangan', '20:53:33', 1705413213347, 'pakai'),
('99ca87b0-7958-42ba-b046-62a91ffd8aeb', '81f48620-f7c6-4c70-ae47-257a4027f9b8', '234f9989-2f78-4642-bb97-7e5e99cc2fee', 'fc5399e5-128c-4ce7-a028-d4ccf1058f09', 1, 2, 'Tendangan', '08:48:53', 1705542533733, 'gagal'),
('9a5726d9-581e-4fcc-a674-8d8109c9883c', 'd1d5353c-d1da-474a-afed-5927f8c9a289', 'e399208c-4931-4751-b290-6fe51f8f4458', '2e0342b7-ea1b-41ef-87ce-221fbc0aa854', 2, 2, 'Tendangan', '21:00:35', 1705413635052, 'pakai'),
('9a7d6d36-aa5b-47cf-8c0f-d25c5e5439a5', '81f48620-f7c6-4c70-ae47-257a4027f9b8', '1b0097e7-befc-404f-902e-1f5fbce1e659', 'fc5399e5-128c-4ce7-a028-d4ccf1058f09', 2, 2, 'Tendangan', '15:18:03', 1706602683386, 'gagal'),
('9af235d3-1dea-4894-910d-6ea512e51513', '6a5b701b-cf66-4657-a21a-dcc7fa4b3bea', '538dcb20-bc30-4a2b-a430-556133ffef55', '6717ef3a-bee0-4a6f-88e6-ed8ecf6b6068', 2, 1, 'Pukulan', '14:57:22', 1705478242377, 'pakai'),
('9c17e708-29d8-4e53-9a7d-e4e2720a3e0f', 'c7c39275-1133-4386-b640-eab8a97968ca', '93704298-cd07-4d01-ad81-37eb2aa24006', '090f95b6-336f-4e82-8afd-44ec65288e1a', 2, 2, 'Tendangan', '20:38:01', 1705412281978, 'pakai'),
('9cd7056e-c765-4ee5-926e-a4d3a5966123', 'c19d8876-a2da-4c28-ab2f-3ddd0105fdc1', 'e91e6bee-4207-45dc-bc7f-a741c112838b', 'd9558b7c-2629-49fd-a6e0-9cb19197a4dd', 2, 1, 'Pukulan', '15:20:32', 1705479632702, 'pakai'),
('9ce641c8-e615-445b-910b-be2d10b7d820', '81f48620-f7c6-4c70-ae47-257a4027f9b8', '1b0097e7-befc-404f-902e-1f5fbce1e659', 'fc5399e5-128c-4ce7-a028-d4ccf1058f09', 2, 1, 'Pukulan', '15:18:01', 1706602681323, 'gagal'),
('9d10a306-c707-42f8-b642-036cf6b1556c', '6a5b701b-cf66-4657-a21a-dcc7fa4b3bea', '538dcb20-bc30-4a2b-a430-556133ffef55', '6717ef3a-bee0-4a6f-88e6-ed8ecf6b6068', 1, 2, 'Tendangan', '14:55:59', 1705478159046, 'gagal'),
('9dde76d2-60c0-45af-afa9-5839145b3b7f', '75ff1cd6-f4f3-4f76-8b6f-6dcab342e37d', '6717bd20-cac4-491c-a55e-dfcac8c3b0b5', '82c473b8-fbdf-4028-906f-0edadf4b6054', 1, 1, 'Pukulan', '20:48:18', 1705412898557, 'gagal'),
('9deead37-926f-4f88-9432-f39f5e0f8b05', 'ef3dd35a-664b-4b81-8033-d24157aeb950', '736508aa-9cdc-4055-8314-9988b4cb824f', '34ca16bb-3937-4d68-bec9-4ef1dcd06340', 1, 2, 'Tendangan', '07:13:31', 1706660011854, 'gagal'),
('9df48ad0-9338-42ff-a6ae-06f6c8bdad87', '81f48620-f7c6-4c70-ae47-257a4027f9b8', '1b0097e7-befc-404f-902e-1f5fbce1e659', 'fc5399e5-128c-4ce7-a028-d4ccf1058f09', 2, 1, 'Pukulan', '15:18:00', 1706602680246, 'gagal'),
('9e62e569-7e8e-4bfd-b3d6-744a956b691a', 'c7c39275-1133-4386-b640-eab8a97968ca', '6717bd20-cac4-491c-a55e-dfcac8c3b0b5', '090f95b6-336f-4e82-8afd-44ec65288e1a', 1, 1, 'Pukulan', '20:36:21', 1705412181594, 'gagal'),
('9ea4cdf1-ab7b-41a6-bbd5-2dd5db4d0ab7', 'c19d8876-a2da-4c28-ab2f-3ddd0105fdc1', '1b3e0134-4751-47d0-b336-ff0109c188b6', '28634827-8a0c-4ea0-b61a-423418d582ea', 2, 1, 'Pukulan', '14:49:21', 1705564161606, 'gagal'),
('a0aa2317-f6dc-402a-8ca8-934affad4169', '81f48620-f7c6-4c70-ae47-257a4027f9b8', '1b0097e7-befc-404f-902e-1f5fbce1e659', 'fc5399e5-128c-4ce7-a028-d4ccf1058f09', 2, 2, 'Tendangan', '15:18:08', 1706602688192, 'gagal'),
('a1324a06-96a0-4fc4-8415-17fdefec465f', '94bb76c5-fbdf-465f-9fbc-bf6d7c51a98a', '736508aa-9cdc-4055-8314-9988b4cb824f', '28634827-8a0c-4ea0-b61a-423418d582ea', 1, 1, 'Pukulan', '20:28:15', 1705411695163, 'pakai'),
('a165ebf2-8db8-432a-bd0c-62480e48fd50', '81f48620-f7c6-4c70-ae47-257a4027f9b8', '1b0097e7-befc-404f-902e-1f5fbce1e659', 'fc5399e5-128c-4ce7-a028-d4ccf1058f09', 2, 1, 'Pukulan', '15:18:07', 1706602687316, 'gagal'),
('a1b4f4a0-7ee4-4f66-beb6-335d26c9c5ce', '75ff1cd6-f4f3-4f76-8b6f-6dcab342e37d', '93704298-cd07-4d01-ad81-37eb2aa24006', '82c473b8-fbdf-4028-906f-0edadf4b6054', 2, 2, 'Tendangan', '20:50:24', 1705413024171, 'pakai'),
('a1b99943-494e-4685-adc3-3de255676b27', '9e56db5d-74af-49dc-bd85-bc414dfe8fd8', '736508aa-9cdc-4055-8314-9988b4cb824f', 'ffcc39a8-7ef2-488a-ab85-0551297e95bd', 1, 2, 'Tendangan', '20:19:43', 1705411183375, 'pakai'),
('a2d2786f-788c-4753-a418-f0e662463892', '75ff1cd6-f4f3-4f76-8b6f-6dcab342e37d', 'e1ca0783-05ba-4f1a-9206-e1497a4ec065', '82c473b8-fbdf-4028-906f-0edadf4b6054', 1, 2, 'Tendangan', '20:48:10', 1705412890506, 'gagal'),
('a3059ee5-a627-472a-b86a-a5efcb628e95', '194969d7-0d68-469f-9a22-1f3c99957504', '2edcfb53-4a78-4103-85ae-2076afe83019', '889dad8c-7941-4293-9160-becb4b2b8c95', 1, 1, 'Pukulan', '21:03:21', 1705413801186, 'gagal'),
('a3e1137c-0f39-48ac-a352-191b59764c21', '6a5b701b-cf66-4657-a21a-dcc7fa4b3bea', '736508aa-9cdc-4055-8314-9988b4cb824f', '6717ef3a-bee0-4a6f-88e6-ed8ecf6b6068', 1, 1, 'Pukulan', '14:55:49', 1705478149122, 'gagal'),
('a3e9983d-317c-4a9d-9093-dd5584002cc5', 'e550844d-5ea8-4a3c-872f-b31030c0dcf9', '538dcb20-bc30-4a2b-a430-556133ffef55', 'f2e09cb9-ae65-4f4c-8787-37c78018ef16', 1, 2, 'Tendangan', '20:42:16', 1705412536749, 'gagal'),
('a429238d-f53b-4e87-adae-a31921222e3c', '81f48620-f7c6-4c70-ae47-257a4027f9b8', '1b0097e7-befc-404f-902e-1f5fbce1e659', 'fc5399e5-128c-4ce7-a028-d4ccf1058f09', 2, 2, 'Tendangan', '15:11:00', 1706602260251, 'gagal'),
('a4905851-cead-4670-8040-854b2774308f', '48d5f2df-2666-4d70-ac24-dde1a9ada6d8', 'e399208c-4931-4751-b290-6fe51f8f4458', '335984a1-5e5a-49be-8cfa-eb648e0cc515', 1, 1, 'Pukulan', '20:24:10', 1705411450405, 'gagal'),
('a4df3ca8-b0bf-49a6-8fc8-f9f7ef9c0a94', '48d5f2df-2666-4d70-ac24-dde1a9ada6d8', '736508aa-9cdc-4055-8314-9988b4cb824f', 'f6055ec8-8724-4a9e-92fa-15ac7a0075aa', 1, 1, 'Pukulan', '20:23:51', 1705411431386, 'gagal'),
('a5b7f194-e75b-445b-8982-91cf16c91850', 'ef3dd35a-664b-4b81-8033-d24157aeb950', '736508aa-9cdc-4055-8314-9988b4cb824f', '22fb1763-71c9-4474-a345-0e5fdba84ef4', 1, 2, 'Tendangan', '07:13:34', 1706660014007, 'gagal'),
('a68d4a74-57f1-4ed8-8f75-29367ac4a5cb', '02598eb4-9c75-4e2f-8803-bd373e1cc863', '93704298-cd07-4d01-ad81-37eb2aa24006', '84855134-8a16-485c-a6c9-3c56c4212bb3', 2, 1, 'Pukulan', '15:11:18', 1705479078749, 'pakai'),
('a69ab326-e823-42ef-9b84-c810d3378144', '6a5b701b-cf66-4657-a21a-dcc7fa4b3bea', '538dcb20-bc30-4a2b-a430-556133ffef55', '6717ef3a-bee0-4a6f-88e6-ed8ecf6b6068', 1, 1, 'Pukulan', '14:55:46', 1705478146464, 'pakai'),
('a6c2d8e1-05d2-48a5-9dfc-bd2987aee355', '75ff1cd6-f4f3-4f76-8b6f-6dcab342e37d', '6717bd20-cac4-491c-a55e-dfcac8c3b0b5', '82c473b8-fbdf-4028-906f-0edadf4b6054', 1, 2, 'Tendangan', '20:48:34', 1705412914140, 'pakai'),
('a6d2cfcd-6dcd-4edd-9e6d-4619004d35f3', '136eba5f-078f-4673-ace6-6e4de2adbfbc', '538dcb20-bc30-4a2b-a430-556133ffef55', '531e1450-326f-476e-ab8a-ff71d0d49ff9', 1, 1, 'Pukulan', '14:42:01', 1705477321435, 'gagal'),
('a6f7e2bf-968d-4b98-a52c-f76498945b76', '81f48620-f7c6-4c70-ae47-257a4027f9b8', '1b0097e7-befc-404f-902e-1f5fbce1e659', 'fc5399e5-128c-4ce7-a028-d4ccf1058f09', 3, 2, 'Tendangan', '15:16:58', 1706602618103, 'gagal'),
('a70ad233-daff-401f-b4e1-1ac8bf78bb28', '3f7f3573-91a0-4281-a852-fee2d7726cae', '736508aa-9cdc-4055-8314-9988b4cb824f', '91c4d04f-661f-40a6-8458-ef62673a0a31', 1, 2, 'Tendangan', '00:17:13', 1706635033969, 'gagal'),
('a74c15c1-c052-4809-91d5-19e8684cf66f', 'e550844d-5ea8-4a3c-872f-b31030c0dcf9', '538dcb20-bc30-4a2b-a430-556133ffef55', 'f2e09cb9-ae65-4f4c-8787-37c78018ef16', 1, 1, 'Pukulan', '20:42:16', 1705412536453, 'pakai'),
('a78a57f4-81fa-4167-87cc-6005d6852ac1', '6a5b701b-cf66-4657-a21a-dcc7fa4b3bea', '736508aa-9cdc-4055-8314-9988b4cb824f', '6717ef3a-bee0-4a6f-88e6-ed8ecf6b6068', 1, 2, 'Tendangan', '14:55:49', 1705478149661, 'gagal'),
('a7cdd268-69bb-48a0-953f-86f18c75ff37', 'ef3dd35a-664b-4b81-8033-d24157aeb950', 'e1ca0783-05ba-4f1a-9206-e1497a4ec065', '34ca16bb-3937-4d68-bec9-4ef1dcd06340', 1, 2, 'Tendangan', '21:25:58', 1705415158936, 'gagal'),
('a7e0959f-2c58-4292-8cb7-58ee1bc89944', '48d5f2df-2666-4d70-ac24-dde1a9ada6d8', 'e399208c-4931-4751-b290-6fe51f8f4458', '335984a1-5e5a-49be-8cfa-eb648e0cc515', 2, 2, 'Tendangan', '20:25:31', 1705411531251, 'gagal'),
('a80fcf51-5e15-46e8-8a82-98c893588952', '81f48620-f7c6-4c70-ae47-257a4027f9b8', '1b0097e7-befc-404f-902e-1f5fbce1e659', 'fc5399e5-128c-4ce7-a028-d4ccf1058f09', 3, 1, 'Pukulan', '15:37:11', 1706603831782, 'gagal'),
('a8ac844d-8fd7-475e-ac98-5c470f4fbce3', '02598eb4-9c75-4e2f-8803-bd373e1cc863', '736508aa-9cdc-4055-8314-9988b4cb824f', '84855134-8a16-485c-a6c9-3c56c4212bb3', 1, 1, 'Pukulan', '15:10:01', 1705479001347, 'gagal'),
('aa2d0ce1-759d-4d3b-88cc-841699210be0', 'ef3dd35a-664b-4b81-8033-d24157aeb950', '736508aa-9cdc-4055-8314-9988b4cb824f', '34ca16bb-3937-4d68-bec9-4ef1dcd06340', 1, 2, 'Tendangan', '07:43:13', 1706661793760, 'gagal'),
('abfeda0d-5eec-45b0-aeb1-e11e743fad10', '81f48620-f7c6-4c70-ae47-257a4027f9b8', '1b0097e7-befc-404f-902e-1f5fbce1e659', 'fc5399e5-128c-4ce7-a028-d4ccf1058f09', 3, 1, 'Pukulan', '15:37:13', 1706603833363, 'gagal'),
('ac0432b1-8b9c-46ec-bd8f-62259096c8d8', '81f48620-f7c6-4c70-ae47-257a4027f9b8', '1b0097e7-befc-404f-902e-1f5fbce1e659', 'fc5399e5-128c-4ce7-a028-d4ccf1058f09', 1, 1, 'Pukulan', '17:36:58', 1706611018197, 'gagal'),
('ac35273f-3908-45b4-818c-5e60678d1a2d', 'c19d8876-a2da-4c28-ab2f-3ddd0105fdc1', 'e399208c-4931-4751-b290-6fe51f8f4458', '28634827-8a0c-4ea0-b61a-423418d582ea', 1, 2, 'Tendangan', '15:19:14', 1705479554588, 'gagal'),
('ad03bbf7-7d0f-408d-9f7a-d1c22c52a869', '81f48620-f7c6-4c70-ae47-257a4027f9b8', '1b0097e7-befc-404f-902e-1f5fbce1e659', 'fc5399e5-128c-4ce7-a028-d4ccf1058f09', 2, 1, 'Pukulan', '15:17:56', 1706602676238, 'gagal'),
('ad2b98a8-f540-423f-9d4e-1d4a1ba287d4', '0a51af79-018a-45b0-bc80-466012ce7182', '234f9989-2f78-4642-bb97-7e5e99cc2fee', '12903ec2-e8d5-47ff-8724-da8a04ae6026', 2, 2, 'Tendangan', '20:12:24', 1705410744148, 'gagal'),
('ae9fb89a-83ac-45d5-814b-b92263b27be9', '81f48620-f7c6-4c70-ae47-257a4027f9b8', '1b0097e7-befc-404f-902e-1f5fbce1e659', 'fc5399e5-128c-4ce7-a028-d4ccf1058f09', 1, 2, 'Tendangan', '15:38:00', 1706603880771, 'gagal'),
('af22c3d6-cac1-4fc2-9c93-7713f3a28ab5', '237d8e93-2128-4bb6-b2e4-96cc1f4bbd16', '93704298-cd07-4d01-ad81-37eb2aa24006', 'f6055ec8-8724-4a9e-92fa-15ac7a0075aa', 2, 1, 'Pukulan', '15:06:20', 1705478780257, 'pakai'),
('af48e29b-775c-4b8d-9507-104119579b0c', '6a5b701b-cf66-4657-a21a-dcc7fa4b3bea', '736508aa-9cdc-4055-8314-9988b4cb824f', '6717ef3a-bee0-4a6f-88e6-ed8ecf6b6068', 1, 2, 'Tendangan', '14:56:03', 1705478163409, 'gagal'),
('b0188ac0-2b86-4169-b196-e66b87950a60', '81f48620-f7c6-4c70-ae47-257a4027f9b8', '1b0097e7-befc-404f-902e-1f5fbce1e659', 'e6b48aab-0546-4035-918a-6b02eb5f34d7', 2, 1, 'Pukulan', '15:10:36', 1706602236835, 'gagal'),
('b069118d-abf8-4cde-81d5-f9c0e3e651e9', '1ac734b4-7d69-45f1-89d3-e269bb293e50', '538dcb20-bc30-4a2b-a430-556133ffef55', '97323c88-fc8a-4a2f-830e-dbb6f371373c', 1, 2, 'Tendangan', '20:53:49', 1705413229863, 'gagal'),
('b2cbcff5-d5f3-462b-9ca0-6a111391fad5', '02598eb4-9c75-4e2f-8803-bd373e1cc863', '736508aa-9cdc-4055-8314-9988b4cb824f', '84855134-8a16-485c-a6c9-3c56c4212bb3', 2, 2, 'Tendangan', '15:11:09', 1705479069270, 'pakai'),
('b31ffb92-2e8a-459c-a132-aa1fd13e11d6', '237d8e93-2128-4bb6-b2e4-96cc1f4bbd16', '538dcb20-bc30-4a2b-a430-556133ffef55', 'cf7b19d4-a8b1-4a4b-a505-8a70f5298002', 2, 1, 'Pukulan', '15:06:54', 1705478814890, 'gagal'),
('b41b4f7b-d5ea-4064-88ea-09fd6e53fab4', '75ff1cd6-f4f3-4f76-8b6f-6dcab342e37d', '93704298-cd07-4d01-ad81-37eb2aa24006', '82c473b8-fbdf-4028-906f-0edadf4b6054', 1, 1, 'Pukulan', '20:48:21', 1705412901254, 'gagal'),
('b421dea2-7b03-4f49-aee3-c92a57c5d16c', 'ef3dd35a-664b-4b81-8033-d24157aeb950', '234f9989-2f78-4642-bb97-7e5e99cc2fee', '22fb1763-71c9-4474-a345-0e5fdba84ef4', 1, 1, 'Pukulan', '07:15:48', 1706660148506, 'gagal'),
('b425d126-f627-420c-b598-761a7ffba54b', 'c7c39275-1133-4386-b640-eab8a97968ca', '93704298-cd07-4d01-ad81-37eb2aa24006', '090f95b6-336f-4e82-8afd-44ec65288e1a', 1, 1, 'Pukulan', '17:13:29', 1706696009547, 'pakai'),
('b43444ca-60d7-4794-abed-acf5d51deb16', 'd2ebfb70-4856-4793-8ce0-305b4a01bf4b', '234f9989-2f78-4642-bb97-7e5e99cc2fee', '8da604b6-fe0f-4efa-b40c-da5f96408c12', 1, 2, 'Tendangan', '21:31:06', 1705415466503, 'gagal'),
('b4b5e3eb-3e09-43c9-80b5-53f47a145ec2', '94bb76c5-fbdf-465f-9fbc-bf6d7c51a98a', 'e399208c-4931-4751-b290-6fe51f8f4458', '28634827-8a0c-4ea0-b61a-423418d582ea', 1, 2, 'Tendangan', '20:28:55', 1705411735427, 'pakai'),
('b4d5e520-dfff-4f6c-97bc-2f020a65409a', '94bb76c5-fbdf-465f-9fbc-bf6d7c51a98a', 'e91e6bee-4207-45dc-bc7f-a741c112838b', '28634827-8a0c-4ea0-b61a-423418d582ea', 1, 1, 'Pukulan', '20:28:15', 1705411695686, 'pakai'),
('b5eb926b-86c6-472e-bc75-933dba1b4782', '3d1ed1d1-2660-4a4c-8bf5-bd64c98333a8', '93704298-cd07-4d01-ad81-37eb2aa24006', '37c7043b-91d4-4e9c-96f3-8038c2dfa18c', 1, 1, 'Pukulan', '19:03:42', 1706702621995, 'gagal'),
('b6373e23-219d-4c71-9004-a47d2a2090c3', '02598eb4-9c75-4e2f-8803-bd373e1cc863', '93704298-cd07-4d01-ad81-37eb2aa24006', 'fab08335-00da-4c43-bb91-77045a543555', 1, 2, 'Tendangan', '15:10:09', 1705479009511, 'pakai'),
('b640a7ae-dd7f-4b06-9be6-d742baa4214b', '136eba5f-078f-4673-ace6-6e4de2adbfbc', '93704298-cd07-4d01-ad81-37eb2aa24006', 'f12b13f1-1cdd-4c4c-b0d1-b712be4444e5', 1, 2, 'Tendangan', '14:41:51', 1705477310940, 'gagal'),
('b6cd1078-509f-42f6-b46b-8e7d2b06b44e', '81f48620-f7c6-4c70-ae47-257a4027f9b8', '1b0097e7-befc-404f-902e-1f5fbce1e659', 'fc5399e5-128c-4ce7-a028-d4ccf1058f09', 3, 1, 'Pukulan', '15:37:08', 1706603828896, 'gagal'),
('b70ebbb0-8c6f-446b-abfa-0f04e20d400f', 'c19d8876-a2da-4c28-ab2f-3ddd0105fdc1', '1b3e0134-4751-47d0-b336-ff0109c188b6', 'd9558b7c-2629-49fd-a6e0-9cb19197a4dd', 2, 1, 'Pukulan', '14:49:54', 1705564194589, 'gagal'),
('b721dc3c-9384-468b-9e1c-eee6b98beb17', '81f48620-f7c6-4c70-ae47-257a4027f9b8', '234f9989-2f78-4642-bb97-7e5e99cc2fee', 'e6b48aab-0546-4035-918a-6b02eb5f34d7', 2, 1, 'Pukulan', '12:12:16', 1706505136198, 'gagal'),
('b73f047b-b356-4de0-bb50-6c23fa1146ac', '81f48620-f7c6-4c70-ae47-257a4027f9b8', '1b0097e7-befc-404f-902e-1f5fbce1e659', 'fc5399e5-128c-4ce7-a028-d4ccf1058f09', 1, 2, 'Tendangan', '15:38:04', 1706603884848, 'gagal'),
('b74fabe4-23f0-49ee-978c-77f528f29d5d', 'c7c39275-1133-4386-b640-eab8a97968ca', '538dcb20-bc30-4a2b-a430-556133ffef55', '8c4251e0-2cbb-42c5-8466-290c480d9338', 1, 1, 'Pukulan', '20:36:54', 1705412214648, 'pakai'),
('b79fb894-6054-40c8-8cce-ac0b2cca4425', '81f48620-f7c6-4c70-ae47-257a4027f9b8', '1b0097e7-befc-404f-902e-1f5fbce1e659', 'fc5399e5-128c-4ce7-a028-d4ccf1058f09', 3, 1, 'Pukulan', '15:37:04', 1706603824852, 'gagal'),
('b7ae4e7c-d168-4d68-a4b0-48efb141daf6', '237d8e93-2128-4bb6-b2e4-96cc1f4bbd16', '538dcb20-bc30-4a2b-a430-556133ffef55', 'f6055ec8-8724-4a9e-92fa-15ac7a0075aa', 1, 1, 'Pukulan', '15:05:19', 1705478719239, 'gagal'),
('b830d95c-0aa0-4a76-a0cd-ebf047159506', 'd1d64364-d328-43e7-a18b-adb89f30c6d1', '1b3e0134-4751-47d0-b336-ff0109c188b6', '4e03510b-1793-48b6-b1af-6f3a8cdafa90', 1, 2, 'Tendangan', '21:18:15', 1705414695852, 'gagal'),
('b89abffb-256d-48f1-b47e-0b534f14bab8', '237d8e93-2128-4bb6-b2e4-96cc1f4bbd16', '93704298-cd07-4d01-ad81-37eb2aa24006', 'f6055ec8-8724-4a9e-92fa-15ac7a0075aa', 2, 2, 'Tendangan', '15:06:53', 1705478813854, 'pakai'),
('b976466e-9569-4233-a3c2-9cad58b6ec98', '81f48620-f7c6-4c70-ae47-257a4027f9b8', '1b0097e7-befc-404f-902e-1f5fbce1e659', 'fc5399e5-128c-4ce7-a028-d4ccf1058f09', 1, 2, 'Tendangan', '15:38:02', 1706603882268, 'gagal'),
('b98b5785-1d23-4d84-9110-14cb47b0bf71', '4d46c629-6451-4887-9261-5527a958ca34', '234f9989-2f78-4642-bb97-7e5e99cc2fee', '66c61a8d-2870-4244-8372-68840526ea89', 1, 1, 'Pukulan', '20:05:23', 1705410323467, 'pakai'),
('baa0f3bd-5df6-4de2-a2c3-80c2f86e938c', 'ef3dd35a-664b-4b81-8033-d24157aeb950', '736508aa-9cdc-4055-8314-9988b4cb824f', '22fb1763-71c9-4474-a345-0e5fdba84ef4', 1, 1, 'Pukulan', '07:13:32', 1706660012858, 'gagal'),
('bbc96510-4d16-4073-9fd2-5c2272b24fef', '81f48620-f7c6-4c70-ae47-257a4027f9b8', '234f9989-2f78-4642-bb97-7e5e99cc2fee', 'e6b48aab-0546-4035-918a-6b02eb5f34d7', 2, 1, 'Pukulan', '15:13:12', 1706602392020, 'pakai'),
('bc5635d5-5f83-4032-9a51-3bbf9daa012a', '237d8e93-2128-4bb6-b2e4-96cc1f4bbd16', '538dcb20-bc30-4a2b-a430-556133ffef55', 'cf7b19d4-a8b1-4a4b-a505-8a70f5298002', 2, 1, 'Pukulan', '15:06:40', 1705478800924, 'gagal'),
('bc844795-90fb-4c61-8012-391939053175', '9e56db5d-74af-49dc-bd85-bc414dfe8fd8', 'e399208c-4931-4751-b290-6fe51f8f4458', 'ffcc39a8-7ef2-488a-ab85-0551297e95bd', 1, 2, 'Tendangan', '20:20:08', 1705411208758, 'pakai'),
('bc9e5bb8-871c-4c7b-b7b6-c177c2016381', 'd1d5353c-d1da-474a-afed-5927f8c9a289', '2edcfb53-4a78-4103-85ae-2076afe83019', 'a1d62779-e810-4fc5-95d6-4932539131f8', 2, 2, 'Tendangan', '20:59:59', 1705413599994, 'gagal'),
('bd0220ac-cd54-4ef0-b8d3-35aa69f6e81c', '194969d7-0d68-469f-9a22-1f3c99957504', '2edcfb53-4a78-4103-85ae-2076afe83019', 'db4079d9-206a-4273-8fc9-892b3c9543f2', 1, 2, 'Tendangan', '21:03:16', 1705413796920, 'gagal'),
('bdb15377-e7bd-497c-acbe-93f38380addd', '194969d7-0d68-469f-9a22-1f3c99957504', '1b3e0134-4751-47d0-b336-ff0109c188b6', 'db4079d9-206a-4273-8fc9-892b3c9543f2', 1, 1, 'Pukulan', '21:03:22', 1705413802806, 'gagal'),
('bdc19293-b948-4996-8a03-a16f78c29f46', '0a51af79-018a-45b0-bc80-466012ce7182', 'e91e6bee-4207-45dc-bc7f-a741c112838b', '12903ec2-e8d5-47ff-8724-da8a04ae6026', 2, 2, 'Tendangan', '20:13:28', 1705410808706, 'gagal'),
('bf669533-9f59-45ab-99c0-f4665299a34e', 'ef3dd35a-664b-4b81-8033-d24157aeb950', '736508aa-9cdc-4055-8314-9988b4cb824f', '22fb1763-71c9-4474-a345-0e5fdba84ef4', 1, 1, 'Pukulan', '07:10:44', 1706659844889, 'gagal'),
('bf718c9f-62df-4cb8-a701-cb0cc09b2dbf', '81f48620-f7c6-4c70-ae47-257a4027f9b8', '234f9989-2f78-4642-bb97-7e5e99cc2fee', 'e6b48aab-0546-4035-918a-6b02eb5f34d7', 1, 1, 'Pukulan', '08:49:01', 1705542541339, 'gagal'),
('c0be614a-e404-4b6c-9582-1c054f25cfa9', '237d8e93-2128-4bb6-b2e4-96cc1f4bbd16', '538dcb20-bc30-4a2b-a430-556133ffef55', 'f6055ec8-8724-4a9e-92fa-15ac7a0075aa', 1, 2, 'Tendangan', '15:05:28', 1705478728859, 'pakai'),
('c0da0283-1000-4972-974a-0c5091386f27', '9e56db5d-74af-49dc-bd85-bc414dfe8fd8', '736508aa-9cdc-4055-8314-9988b4cb824f', '23c25ec4-f527-40f8-aec6-0f5b53025244', 1, 1, 'Pukulan', '20:19:52', 1705411192881, 'pakai'),
('c0fde70e-c029-427a-aa7e-42c77dd5dd86', '194969d7-0d68-469f-9a22-1f3c99957504', '516aa764-f6f6-4925-9eb9-4aba53ad283c', 'db4079d9-206a-4273-8fc9-892b3c9543f2', 1, 1, 'Pukulan', '21:04:09', 1705413849179, 'gagal');
INSERT INTO `nilai` (`id_nilai`, `id_tanding`, `id_wasit`, `id_peserta`, `babak`, `skor`, `ket`, `waktu`, `timer`, `status`) VALUES
('c1465279-764c-499c-b0bf-ea703b7fb6c5', '81f48620-f7c6-4c70-ae47-257a4027f9b8', '1b0097e7-befc-404f-902e-1f5fbce1e659', 'fc5399e5-128c-4ce7-a028-d4ccf1058f09', 2, 2, 'Tendangan', '15:18:06', 1706602686394, 'gagal'),
('c1d4875f-a3af-498f-b648-cb391015571c', '136eba5f-078f-4673-ace6-6e4de2adbfbc', '538dcb20-bc30-4a2b-a430-556133ffef55', 'f12b13f1-1cdd-4c4c-b0d1-b712be4444e5', 2, 1, 'Pukulan', '14:43:48', 1705477428451, 'pakai'),
('c1ee60ee-4f93-4257-b1b0-0cd5bf0b226f', 'c19d8876-a2da-4c28-ab2f-3ddd0105fdc1', 'e399208c-4931-4751-b290-6fe51f8f4458', 'd9558b7c-2629-49fd-a6e0-9cb19197a4dd', 1, 1, 'Pukulan', '15:19:24', 1705479564473, 'pakai'),
('c2308bc9-eb2b-4be9-a957-db7919f618e3', '237d8e93-2128-4bb6-b2e4-96cc1f4bbd16', '736508aa-9cdc-4055-8314-9988b4cb824f', 'f6055ec8-8724-4a9e-92fa-15ac7a0075aa', 1, 2, 'Tendangan', '15:05:29', 1705478729476, 'gagal'),
('c268dce8-a0e3-43f9-b8ab-24ed61b88ac2', '81f48620-f7c6-4c70-ae47-257a4027f9b8', '1b0097e7-befc-404f-902e-1f5fbce1e659', 'fc5399e5-128c-4ce7-a028-d4ccf1058f09', 2, 1, 'Pukulan', '15:10:47', 1706602247529, 'gagal'),
('c29c230c-9cc3-4159-8561-3a587c7de180', 'd1d64364-d328-43e7-a18b-adb89f30c6d1', '1b3e0134-4751-47d0-b336-ff0109c188b6', 'f8b7c89b-54ce-4dbe-8654-eaa5782ca53c', 1, 1, 'Pukulan', '07:19:22', 1706660362409, 'gagal'),
('c347fea6-b9b0-440f-b99e-a9bb1a978ccc', '4d46c629-6451-4887-9261-5527a958ca34', '736508aa-9cdc-4055-8314-9988b4cb824f', '66c61a8d-2870-4244-8372-68840526ea89', 2, 2, 'Tendangan', '20:06:44', 1705410404805, 'pakai'),
('c37d44c8-eda5-47b4-ab7a-93f36ba85c3b', '4d46c629-6451-4887-9261-5527a958ca34', '234f9989-2f78-4642-bb97-7e5e99cc2fee', '55753637-757b-455d-9fde-31ccecb9f831', 2, 1, 'Pukulan', '20:07:18', 1705410438750, 'gagal'),
('c42dfd1b-c7d8-4b67-9813-5f8ea50f36d7', '81f48620-f7c6-4c70-ae47-257a4027f9b8', '1b0097e7-befc-404f-902e-1f5fbce1e659', 'fc5399e5-128c-4ce7-a028-d4ccf1058f09', 2, 2, 'Tendangan', '15:09:29', 1706602169894, 'gagal'),
('c44fc472-bb99-450a-8bc3-f8f2f8fd1d85', '81f48620-f7c6-4c70-ae47-257a4027f9b8', '1b0097e7-befc-404f-902e-1f5fbce1e659', 'fc5399e5-128c-4ce7-a028-d4ccf1058f09', 1, 2, 'Tendangan', '17:51:35', 1706611895305, 'gagal'),
('c47f4b5d-eabf-4e9b-805a-d2c10e1ced40', '81f48620-f7c6-4c70-ae47-257a4027f9b8', '1b0097e7-befc-404f-902e-1f5fbce1e659', 'fc5399e5-128c-4ce7-a028-d4ccf1058f09', 3, 2, 'Tendangan', '15:37:14', 1706603834725, 'gagal'),
('c484fa6d-3253-47c4-9544-84d3147486b3', '48d5f2df-2666-4d70-ac24-dde1a9ada6d8', '234f9989-2f78-4642-bb97-7e5e99cc2fee', 'f6055ec8-8724-4a9e-92fa-15ac7a0075aa', 1, 2, 'Tendangan', '20:23:39', 1705411419675, 'pakai'),
('c5045310-8ef4-4a21-a4a1-a68bf8c2de63', '81f48620-f7c6-4c70-ae47-257a4027f9b8', '234f9989-2f78-4642-bb97-7e5e99cc2fee', 'e6b48aab-0546-4035-918a-6b02eb5f34d7', 1, 1, 'Pukulan', '08:48:57', 1705542537268, 'gagal'),
('c510d808-9610-43cb-b805-d734ae2a8564', '81f48620-f7c6-4c70-ae47-257a4027f9b8', '1b0097e7-befc-404f-902e-1f5fbce1e659', 'fc5399e5-128c-4ce7-a028-d4ccf1058f09', 1, 1, 'Pukulan', '15:38:01', 1706603881165, 'gagal'),
('c5c87a27-3282-4093-9693-e581dd8a29e4', 'c19d8876-a2da-4c28-ab2f-3ddd0105fdc1', 'e91e6bee-4207-45dc-bc7f-a741c112838b', 'd9558b7c-2629-49fd-a6e0-9cb19197a4dd', 1, 1, 'Pukulan', '15:19:24', 1705479564704, 'pakai'),
('c696b2be-4ca4-48f7-a201-7c4394f04307', '81f48620-f7c6-4c70-ae47-257a4027f9b8', '1b0097e7-befc-404f-902e-1f5fbce1e659', 'fc5399e5-128c-4ce7-a028-d4ccf1058f09', 1, 1, 'Pukulan', '15:38:00', 1706603880478, 'gagal'),
('c6e1c3c9-b61b-459c-9295-ffb2fe8e80c2', '0a51af79-018a-45b0-bc80-466012ce7182', 'e399208c-4931-4751-b290-6fe51f8f4458', '12903ec2-e8d5-47ff-8724-da8a04ae6026', 2, 1, 'Pukulan', '20:12:19', 1705410739419, 'gagal'),
('c6e3c98d-127f-4fa0-800e-25069c935604', '81f48620-f7c6-4c70-ae47-257a4027f9b8', '1b0097e7-befc-404f-902e-1f5fbce1e659', 'fc5399e5-128c-4ce7-a028-d4ccf1058f09', 3, 1, 'Pukulan', '15:37:06', 1706603826399, 'gagal'),
('c700c7bf-9243-4822-a9f4-d36eeb70e0fd', 'c19d8876-a2da-4c28-ab2f-3ddd0105fdc1', 'e399208c-4931-4751-b290-6fe51f8f4458', 'd9558b7c-2629-49fd-a6e0-9cb19197a4dd', 1, 2, 'Tendangan', '15:19:07', 1705479547445, 'gagal'),
('c7725ff3-3f55-4787-8c9b-866aaeec1268', '81f48620-f7c6-4c70-ae47-257a4027f9b8', '1b0097e7-befc-404f-902e-1f5fbce1e659', 'fc5399e5-128c-4ce7-a028-d4ccf1058f09', 2, 2, 'Tendangan', '15:13:30', 1706602410799, 'pakai'),
('c872a38b-f4cb-48f7-b94c-54210d1dbea7', 'c7c39275-1133-4386-b640-eab8a97968ca', '6717bd20-cac4-491c-a55e-dfcac8c3b0b5', '8c4251e0-2cbb-42c5-8466-290c480d9338', 1, 1, 'Pukulan', '20:36:55', 1705412215398, 'pakai'),
('c90b6e9b-0484-40e3-8a2e-8dfa7febf7f3', 'd1d5353c-d1da-474a-afed-5927f8c9a289', 'e399208c-4931-4751-b290-6fe51f8f4458', 'a1d62779-e810-4fc5-95d6-4932539131f8', 2, 1, 'Pukulan', '21:00:08', 1705413608311, 'gagal'),
('c9967467-8b7d-4641-8307-2db0b00a305b', 'ef3dd35a-664b-4b81-8033-d24157aeb950', '736508aa-9cdc-4055-8314-9988b4cb824f', '34ca16bb-3937-4d68-bec9-4ef1dcd06340', 1, 1, 'Pukulan', '07:13:43', 1706660023961, 'gagal'),
('c9c5056d-0e44-4d09-a492-2952258d9429', '9e56db5d-74af-49dc-bd85-bc414dfe8fd8', 'e399208c-4931-4751-b290-6fe51f8f4458', 'ffcc39a8-7ef2-488a-ab85-0551297e95bd', 1, 2, 'Tendangan', '20:19:42', 1705411182476, 'pakai'),
('ca4ba31c-de49-466e-b8e2-fd333c7fad95', '4d46c629-6451-4887-9261-5527a958ca34', '234f9989-2f78-4642-bb97-7e5e99cc2fee', '66c61a8d-2870-4244-8372-68840526ea89', 2, 2, 'Tendangan', '20:06:44', 1705410404249, 'pakai'),
('ca8f91de-ae3d-4ac4-8f73-d0b01c583757', '81f48620-f7c6-4c70-ae47-257a4027f9b8', '1b0097e7-befc-404f-902e-1f5fbce1e659', 'fc5399e5-128c-4ce7-a028-d4ccf1058f09', 2, 1, 'Pukulan', '15:09:35', 1706602175610, 'gagal'),
('cb02787d-b193-4c38-bea6-1c5835c40380', 'c19d8876-a2da-4c28-ab2f-3ddd0105fdc1', 'e399208c-4931-4751-b290-6fe51f8f4458', 'd9558b7c-2629-49fd-a6e0-9cb19197a4dd', 1, 2, 'Tendangan', '15:19:03', 1705479543243, 'gagal'),
('cb175b3b-a1a4-45fa-b3e8-6bc98ad1dfed', '0a51af79-018a-45b0-bc80-466012ce7182', 'e399208c-4931-4751-b290-6fe51f8f4458', '12903ec2-e8d5-47ff-8724-da8a04ae6026', 1, 2, 'Tendangan', '20:10:42', 1705410642809, 'gagal'),
('cb218e6e-29ae-4fe6-9455-9525e792e8a9', 'd1d5353c-d1da-474a-afed-5927f8c9a289', '2edcfb53-4a78-4103-85ae-2076afe83019', 'a1d62779-e810-4fc5-95d6-4932539131f8', 2, 1, 'Pukulan', '21:00:19', 1705413619747, 'gagal'),
('cb586628-9255-4f9e-a6dd-8ea6484399c0', 'd1d64364-d328-43e7-a18b-adb89f30c6d1', '2edcfb53-4a78-4103-85ae-2076afe83019', '4e03510b-1793-48b6-b1af-6f3a8cdafa90', 1, 2, 'Tendangan', '21:17:55', 1705414675443, 'pakai'),
('cc0b9323-c6ea-491b-8a30-6833aad554c8', 'c19d8876-a2da-4c28-ab2f-3ddd0105fdc1', '1b3e0134-4751-47d0-b336-ff0109c188b6', '28634827-8a0c-4ea0-b61a-423418d582ea', 1, 2, 'Tendangan', '15:19:02', 1705479542661, 'gagal'),
('cc516a2a-50a2-45c8-ab44-2470d9c3ec58', '94bb76c5-fbdf-465f-9fbc-bf6d7c51a98a', '736508aa-9cdc-4055-8314-9988b4cb824f', '28634827-8a0c-4ea0-b61a-423418d582ea', 1, 2, 'Tendangan', '20:28:56', 1705411736832, 'gagal'),
('cc72883c-6271-40ee-bcc5-3433280bc6e2', 'c7c39275-1133-4386-b640-eab8a97968ca', '93704298-cd07-4d01-ad81-37eb2aa24006', '8c4251e0-2cbb-42c5-8466-290c480d9338', 2, 2, 'Tendangan', '20:38:53', 1705412333965, 'pakai'),
('ccb4ed66-be5e-445c-a544-f58d5722d426', '4d46c629-6451-4887-9261-5527a958ca34', 'e91e6bee-4207-45dc-bc7f-a741c112838b', '66c61a8d-2870-4244-8372-68840526ea89', 1, 2, 'Tendangan', '20:05:45', 1705410345007, 'pakai'),
('ccbd19f8-a424-4cc1-9b54-325ac02974f2', '4d46c629-6451-4887-9261-5527a958ca34', 'e91e6bee-4207-45dc-bc7f-a741c112838b', '66c61a8d-2870-4244-8372-68840526ea89', 2, 1, 'Pukulan', '20:06:43', 1705410403816, 'pakai'),
('cfc99e6c-d629-4574-8195-c5e1142c16a7', '81f48620-f7c6-4c70-ae47-257a4027f9b8', '1b0097e7-befc-404f-902e-1f5fbce1e659', 'fc5399e5-128c-4ce7-a028-d4ccf1058f09', 3, 2, 'Tendangan', '15:37:11', 1706603831363, 'gagal'),
('cff23c06-8d97-426a-9fd8-cc0c0aa8376e', '81f48620-f7c6-4c70-ae47-257a4027f9b8', '1b0097e7-befc-404f-902e-1f5fbce1e659', 'fc5399e5-128c-4ce7-a028-d4ccf1058f09', 2, 2, 'Tendangan', '15:17:58', 1706602678167, 'gagal'),
('d03c1ba0-20ef-4b6a-a645-f10f8b6cccc3', '81f48620-f7c6-4c70-ae47-257a4027f9b8', '1b0097e7-befc-404f-902e-1f5fbce1e659', 'fc5399e5-128c-4ce7-a028-d4ccf1058f09', 1, 2, 'Tendangan', '15:38:06', 1706603886026, 'gagal'),
('d08a480e-1943-4a05-9983-864488b64293', '136eba5f-078f-4673-ace6-6e4de2adbfbc', '234f9989-2f78-4642-bb97-7e5e99cc2fee', '531e1450-326f-476e-ab8a-ff71d0d49ff9', 1, 1, 'Pukulan', '14:41:59', 1705477319672, 'pakai'),
('d0989711-4623-49d9-be77-7288fcd59b68', '81f48620-f7c6-4c70-ae47-257a4027f9b8', '1b0097e7-befc-404f-902e-1f5fbce1e659', 'fc5399e5-128c-4ce7-a028-d4ccf1058f09', 1, 1, 'Pukulan', '15:37:57', 1706603877719, 'gagal'),
('d0de1c8a-982b-490b-997c-b80f26970bbe', 'd2ebfb70-4856-4793-8ce0-305b4a01bf4b', 'e1ca0783-05ba-4f1a-9206-e1497a4ec065', '8da604b6-fe0f-4efa-b40c-da5f96408c12', 2, 1, 'Pukulan', '21:33:52', 1705415632616, 'pakai'),
('d196e8c7-2a8f-4147-9df7-430be9a1c540', '136eba5f-078f-4673-ace6-6e4de2adbfbc', '93704298-cd07-4d01-ad81-37eb2aa24006', '531e1450-326f-476e-ab8a-ff71d0d49ff9', 1, 1, 'Pukulan', '14:42:29', 1705477349062, 'pakai'),
('d1995001-3056-4a7c-b915-11b1e0c58741', '1ac734b4-7d69-45f1-89d3-e269bb293e50', 'e1ca0783-05ba-4f1a-9206-e1497a4ec065', 'b6f03624-1f59-43fe-a005-b2626cb56952', 1, 1, 'Pukulan', '20:53:26', 1705413206146, 'gagal'),
('d2849549-7ff8-49aa-841f-2c8c18b7913c', 'c19d8876-a2da-4c28-ab2f-3ddd0105fdc1', 'e91e6bee-4207-45dc-bc7f-a741c112838b', 'd9558b7c-2629-49fd-a6e0-9cb19197a4dd', 1, 2, 'Tendangan', '15:19:00', 1705479540803, 'gagal'),
('d2869137-166c-4ff1-96b5-a71ea041b25b', '75ff1cd6-f4f3-4f76-8b6f-6dcab342e37d', '93704298-cd07-4d01-ad81-37eb2aa24006', '82c473b8-fbdf-4028-906f-0edadf4b6054', 1, 2, 'Tendangan', '20:48:34', 1705412914926, 'gagal'),
('d2a24b2f-711f-4d5b-9a0f-0417ede6981e', '81f48620-f7c6-4c70-ae47-257a4027f9b8', '1b0097e7-befc-404f-902e-1f5fbce1e659', 'fc5399e5-128c-4ce7-a028-d4ccf1058f09', 2, 2, 'Tendangan', '15:18:05', 1706602685124, 'gagal'),
('d2bec8d0-6788-486c-b7c9-3701f85b49fe', '48d5f2df-2666-4d70-ac24-dde1a9ada6d8', '234f9989-2f78-4642-bb97-7e5e99cc2fee', '335984a1-5e5a-49be-8cfa-eb648e0cc515', 1, 1, 'Pukulan', '20:19:45', 1705411185099, 'gagal'),
('d3453ace-e021-4158-a6d6-45aeb5778e7d', '4d46c629-6451-4887-9261-5527a958ca34', '234f9989-2f78-4642-bb97-7e5e99cc2fee', '66c61a8d-2870-4244-8372-68840526ea89', 2, 1, 'Pukulan', '20:06:43', 1705410403865, 'pakai'),
('d34751e1-cdb8-40c7-a876-03e12569b51f', '81f48620-f7c6-4c70-ae47-257a4027f9b8', '1b0097e7-befc-404f-902e-1f5fbce1e659', 'fc5399e5-128c-4ce7-a028-d4ccf1058f09', 3, 1, 'Pukulan', '15:37:14', 1706603834228, 'gagal'),
('d34ff03f-bd83-478c-9da5-b09ca6864fd1', '81f48620-f7c6-4c70-ae47-257a4027f9b8', '234f9989-2f78-4642-bb97-7e5e99cc2fee', 'e6b48aab-0546-4035-918a-6b02eb5f34d7', 3, 2, 'Tendangan', '15:14:06', 1706602446399, 'pakai'),
('d3bc8d95-a5eb-4f12-a680-3b7c157c623a', '81f48620-f7c6-4c70-ae47-257a4027f9b8', '1b0097e7-befc-404f-902e-1f5fbce1e659', 'fc5399e5-128c-4ce7-a028-d4ccf1058f09', 1, 1, 'Pukulan', '15:38:06', 1706603886544, 'gagal'),
('d4247e7e-ab8d-4b0c-9fcf-ad775f115294', '81f48620-f7c6-4c70-ae47-257a4027f9b8', '1b0097e7-befc-404f-902e-1f5fbce1e659', 'fc5399e5-128c-4ce7-a028-d4ccf1058f09', 1, 2, 'Tendangan', '17:35:27', 1706610927632, 'gagal'),
('d451f7b3-9fdb-4d24-bb17-bbad66efdf36', '194969d7-0d68-469f-9a22-1f3c99957504', '1b3e0134-4751-47d0-b336-ff0109c188b6', 'db4079d9-206a-4273-8fc9-892b3c9543f2', 1, 2, 'Tendangan', '21:03:15', 1705413795266, 'pakai'),
('d4cd26ba-5f1c-429f-b2b6-5f631a642fa0', '75ff1cd6-f4f3-4f76-8b6f-6dcab342e37d', '6717bd20-cac4-491c-a55e-dfcac8c3b0b5', '82c473b8-fbdf-4028-906f-0edadf4b6054', 1, 2, 'Tendangan', '20:48:10', 1705412890470, 'pakai'),
('d5fab8a5-e953-46b9-b945-07c3f9574a0a', '136eba5f-078f-4673-ace6-6e4de2adbfbc', '234f9989-2f78-4642-bb97-7e5e99cc2fee', 'f12b13f1-1cdd-4c4c-b0d1-b712be4444e5', 1, 2, 'Tendangan', '14:41:41', 1705477301737, 'gagal'),
('d84de23b-39e0-434f-8652-8cb3cef46288', 'c7c39275-1133-4386-b640-eab8a97968ca', '538dcb20-bc30-4a2b-a430-556133ffef55', '090f95b6-336f-4e82-8afd-44ec65288e1a', 1, 2, 'Tendangan', '17:13:34', 1706696014451, 'pakai'),
('d99998d4-c20c-4f57-b5a2-2de72ce99f76', '81f48620-f7c6-4c70-ae47-257a4027f9b8', '1b0097e7-befc-404f-902e-1f5fbce1e659', 'e6b48aab-0546-4035-918a-6b02eb5f34d7', 3, 1, 'Pukulan', '15:16:42', 1706602602366, 'pakai'),
('da1a7e11-62a3-4b77-ba96-e3b925e70222', '81f48620-f7c6-4c70-ae47-257a4027f9b8', '1b0097e7-befc-404f-902e-1f5fbce1e659', 'e6b48aab-0546-4035-918a-6b02eb5f34d7', 1, 2, 'Tendangan', '11:08:57', 1705896537787, 'gagal'),
('da251800-a0ad-47ce-96e7-7302b1a16a00', '81f48620-f7c6-4c70-ae47-257a4027f9b8', '1b0097e7-befc-404f-902e-1f5fbce1e659', 'fc5399e5-128c-4ce7-a028-d4ccf1058f09', 3, 1, 'Pukulan', '15:16:51', 1706602611459, 'pakai'),
('da6e5bfc-e9ee-40e4-b84e-61b2f3e77e6c', 'd2ebfb70-4856-4793-8ce0-305b4a01bf4b', '234f9989-2f78-4642-bb97-7e5e99cc2fee', '8da604b6-fe0f-4efa-b40c-da5f96408c12', 1, 1, 'Pukulan', '21:31:06', 1705415466030, 'pakai'),
('dabb6d98-a5d2-489c-93bc-3475e5a85980', '1ac734b4-7d69-45f1-89d3-e269bb293e50', '538dcb20-bc30-4a2b-a430-556133ffef55', '97323c88-fc8a-4a2f-830e-dbb6f371373c', 1, 2, 'Tendangan', '20:53:32', 1705413212031, 'pakai'),
('daf4aa27-788d-43bb-bbb6-760ba0157664', '136eba5f-078f-4673-ace6-6e4de2adbfbc', '234f9989-2f78-4642-bb97-7e5e99cc2fee', '531e1450-326f-476e-ab8a-ff71d0d49ff9', 1, 1, 'Pukulan', '14:42:28', 1705477348831, 'pakai'),
('db51b34f-eb32-40cc-a1dc-6013b747787a', '81f48620-f7c6-4c70-ae47-257a4027f9b8', '234f9989-2f78-4642-bb97-7e5e99cc2fee', 'fc5399e5-128c-4ce7-a028-d4ccf1058f09', 2, 2, 'Tendangan', '14:35:08', 1706600108599, 'gagal'),
('dbbdb165-e657-4151-b96d-c7211906845a', '1ac734b4-7d69-45f1-89d3-e269bb293e50', '6717bd20-cac4-491c-a55e-dfcac8c3b0b5', 'b6f03624-1f59-43fe-a005-b2626cb56952', 1, 1, 'Pukulan', '20:53:53', 1705413233126, 'gagal'),
('dbc00184-2d78-465a-8a7e-01809924f4c4', '6a5b701b-cf66-4657-a21a-dcc7fa4b3bea', '736508aa-9cdc-4055-8314-9988b4cb824f', 'd032f515-70c4-4f6b-a755-5f72e420901f', 1, 2, 'Tendangan', '14:56:23', 1705478183366, 'gagal'),
('dbc33f75-05e1-4f74-bb89-374d867c6987', '81f48620-f7c6-4c70-ae47-257a4027f9b8', '1b0097e7-befc-404f-902e-1f5fbce1e659', 'fc5399e5-128c-4ce7-a028-d4ccf1058f09', 2, 1, 'Pukulan', '15:10:09', 1706602209904, 'gagal'),
('dc2ef2a4-b95f-4dc8-9d0e-c53dc06d5af3', '81f48620-f7c6-4c70-ae47-257a4027f9b8', '1b0097e7-befc-404f-902e-1f5fbce1e659', 'fc5399e5-128c-4ce7-a028-d4ccf1058f09', 1, 2, 'Tendangan', '15:38:06', 1706603886811, 'gagal'),
('dcec82dd-be54-4342-9fff-2c7fd11bce4c', 'd1d64364-d328-43e7-a18b-adb89f30c6d1', '1b3e0134-4751-47d0-b336-ff0109c188b6', '4e03510b-1793-48b6-b1af-6f3a8cdafa90', 1, 2, 'Tendangan', '21:17:56', 1705414676423, 'gagal'),
('dd13d6e0-1874-49bf-b911-5f28c919c60b', '237d8e93-2128-4bb6-b2e4-96cc1f4bbd16', '736508aa-9cdc-4055-8314-9988b4cb824f', 'f6055ec8-8724-4a9e-92fa-15ac7a0075aa', 1, 1, 'Pukulan', '15:04:31', 1705478671107, 'pakai'),
('dd2009dd-915f-418d-b9d9-c90da9cc5a17', 'd1d64364-d328-43e7-a18b-adb89f30c6d1', '1b3e0134-4751-47d0-b336-ff0109c188b6', '4e03510b-1793-48b6-b1af-6f3a8cdafa90', 1, 2, 'Tendangan', '21:17:39', 1705414659357, 'gagal'),
('dd3d0a52-3180-4aa1-87f6-1b6ddbecf775', '9e56db5d-74af-49dc-bd85-bc414dfe8fd8', 'e399208c-4931-4751-b290-6fe51f8f4458', 'ffcc39a8-7ef2-488a-ab85-0551297e95bd', 1, 2, 'Tendangan', '20:20:28', 1705411228098, 'pakai'),
('dd5ee0cb-8b83-4f82-8b46-4f29affcae63', '48d5f2df-2666-4d70-ac24-dde1a9ada6d8', '736508aa-9cdc-4055-8314-9988b4cb824f', 'f6055ec8-8724-4a9e-92fa-15ac7a0075aa', 1, 2, 'Tendangan', '20:23:39', 1705411419868, 'gagal'),
('de577400-d957-4052-aa43-27e8b623f460', '48d5f2df-2666-4d70-ac24-dde1a9ada6d8', 'e399208c-4931-4751-b290-6fe51f8f4458', '335984a1-5e5a-49be-8cfa-eb648e0cc515', 1, 2, 'Tendangan', '20:23:14', 1705411394641, 'gagal'),
('dfc413df-e111-4056-9e17-3700d11ad795', '02598eb4-9c75-4e2f-8803-bd373e1cc863', '234f9989-2f78-4642-bb97-7e5e99cc2fee', 'fab08335-00da-4c43-bb91-77045a543555', 2, 1, 'Pukulan', '15:11:53', 1705479113803, 'gagal'),
('e05ea288-da02-4fa7-b443-ee520ab15b25', '81f48620-f7c6-4c70-ae47-257a4027f9b8', '1b0097e7-befc-404f-902e-1f5fbce1e659', 'fc5399e5-128c-4ce7-a028-d4ccf1058f09', 1, 2, 'Tendangan', '11:09:10', 1705896550278, 'gagal'),
('e07cbaa3-e96e-412d-aaa9-87c791f32bac', '237d8e93-2128-4bb6-b2e4-96cc1f4bbd16', '538dcb20-bc30-4a2b-a430-556133ffef55', 'f6055ec8-8724-4a9e-92fa-15ac7a0075aa', 2, 2, 'Tendangan', '15:06:40', 1705478800307, 'pakai'),
('e11242f1-a6f7-4c84-aac1-3f79b45860c7', 'c19d8876-a2da-4c28-ab2f-3ddd0105fdc1', '1b3e0134-4751-47d0-b336-ff0109c188b6', 'd9558b7c-2629-49fd-a6e0-9cb19197a4dd', 1, 2, 'Tendangan', '15:19:32', 1705479572360, 'pakai'),
('e115f511-6292-4ea8-92e9-4441fdc6ad62', '0a51af79-018a-45b0-bc80-466012ce7182', '234f9989-2f78-4642-bb97-7e5e99cc2fee', 'b888c4ef-2599-4c18-9eb7-8f46cdfd1a04', 1, 1, 'Pukulan', '20:11:29', 1705410689481, 'gagal'),
('e117b490-5ca7-4069-8691-dc016e039dce', '48d5f2df-2666-4d70-ac24-dde1a9ada6d8', '234f9989-2f78-4642-bb97-7e5e99cc2fee', '335984a1-5e5a-49be-8cfa-eb648e0cc515', 1, 2, 'Tendangan', '20:23:33', 1705411413191, 'gagal'),
('e19a4bd2-ee08-4f3f-97a9-f181950f534a', '4d46c629-6451-4887-9261-5527a958ca34', 'e91e6bee-4207-45dc-bc7f-a741c112838b', '55753637-757b-455d-9fde-31ccecb9f831', 2, 2, 'Tendangan', '20:06:47', 1705410407306, 'pakai'),
('e1b439a3-c64f-498f-9e95-f4b75be28bed', '81f48620-f7c6-4c70-ae47-257a4027f9b8', '234f9989-2f78-4642-bb97-7e5e99cc2fee', 'fc5399e5-128c-4ce7-a028-d4ccf1058f09', 3, 1, 'Pukulan', '14:16:14', 1706598974033, 'gagal'),
('e1eba664-4e3e-4984-a75e-c4570134b809', '9e56db5d-74af-49dc-bd85-bc414dfe8fd8', 'e399208c-4931-4751-b290-6fe51f8f4458', 'ffcc39a8-7ef2-488a-ab85-0551297e95bd', 1, 1, 'Pukulan', '20:19:56', 1705411196101, 'gagal'),
('e2af1ba4-fd0e-4752-b311-91ca1c4204dd', '237d8e93-2128-4bb6-b2e4-96cc1f4bbd16', '93704298-cd07-4d01-ad81-37eb2aa24006', 'f6055ec8-8724-4a9e-92fa-15ac7a0075aa', 2, 1, 'Pukulan', '15:06:17', 1705478777113, 'gagal'),
('e3289c50-c3d0-417d-b797-688cd422f41f', '1ac734b4-7d69-45f1-89d3-e269bb293e50', '6717bd20-cac4-491c-a55e-dfcac8c3b0b5', '97323c88-fc8a-4a2f-830e-dbb6f371373c', 1, 2, 'Tendangan', '20:53:33', 1705413213716, 'pakai'),
('e3308e3c-1df3-40d3-8739-c318d7d1fd9c', 'e550844d-5ea8-4a3c-872f-b31030c0dcf9', '538dcb20-bc30-4a2b-a430-556133ffef55', 'f2e09cb9-ae65-4f4c-8787-37c78018ef16', 1, 2, 'Tendangan', '20:42:05', 1705412525836, 'pakai'),
('e395a3d3-19c4-4ddd-817e-704fe083f904', '94bb76c5-fbdf-465f-9fbc-bf6d7c51a98a', 'e399208c-4931-4751-b290-6fe51f8f4458', '28634827-8a0c-4ea0-b61a-423418d582ea', 1, 2, 'Tendangan', '20:28:42', 1705411722737, 'pakai'),
('e45d33d9-8306-470f-bf3e-7144ab83009b', '48d5f2df-2666-4d70-ac24-dde1a9ada6d8', 'e399208c-4931-4751-b290-6fe51f8f4458', 'f6055ec8-8724-4a9e-92fa-15ac7a0075aa', 1, 2, 'Tendangan', '20:23:39', 1705411419291, 'pakai'),
('e460c52c-a523-4679-a507-770de11c6bc2', '81f48620-f7c6-4c70-ae47-257a4027f9b8', '1b0097e7-befc-404f-902e-1f5fbce1e659', 'fc5399e5-128c-4ce7-a028-d4ccf1058f09', 1, 1, 'Pukulan', '15:37:59', 1706603879533, 'gagal'),
('e484e006-e581-45bf-a316-c5401f27f247', '81f48620-f7c6-4c70-ae47-257a4027f9b8', '234f9989-2f78-4642-bb97-7e5e99cc2fee', 'fc5399e5-128c-4ce7-a028-d4ccf1058f09', 1, 1, 'Pukulan', '08:48:48', 1705542528876, 'gagal'),
('e4bc4492-ed59-4745-8b39-e939dbfe2274', '4d46c629-6451-4887-9261-5527a958ca34', '736508aa-9cdc-4055-8314-9988b4cb824f', '66c61a8d-2870-4244-8372-68840526ea89', 1, 2, 'Tendangan', '20:05:45', 1705410345856, 'pakai'),
('e4ef4413-da82-4ce3-b787-3fc8d83782dd', '81f48620-f7c6-4c70-ae47-257a4027f9b8', '1b0097e7-befc-404f-902e-1f5fbce1e659', 'fc5399e5-128c-4ce7-a028-d4ccf1058f09', 3, 2, 'Tendangan', '15:13:59', 1706602439647, 'gagal'),
('e51cb121-5f86-46b0-9b5b-7b6d1ddbf391', '81f48620-f7c6-4c70-ae47-257a4027f9b8', '1b0097e7-befc-404f-902e-1f5fbce1e659', 'fc5399e5-128c-4ce7-a028-d4ccf1058f09', 2, 2, 'Tendangan', '15:17:55', 1706602675781, 'gagal'),
('e587854f-31ea-40d4-9a9d-2f8bb9b8bc2e', 'e8db93c0-9a96-48b2-b9ab-faab6c8844ef', '1b3e0134-4751-47d0-b336-ff0109c188b6', '3afb54a2-4978-4144-8479-8ada021a05dd', 1, 2, 'Tendangan', '21:10:30', 1705414230778, 'gagal'),
('e5e2c6cd-5edc-4dad-b696-1d06912ba385', '02598eb4-9c75-4e2f-8803-bd373e1cc863', '93704298-cd07-4d01-ad81-37eb2aa24006', '84855134-8a16-485c-a6c9-3c56c4212bb3', 1, 1, 'Pukulan', '15:10:00', 1705479000614, 'pakai'),
('e7069851-5661-4c1c-b9be-77f41c46b6cd', '02598eb4-9c75-4e2f-8803-bd373e1cc863', '93704298-cd07-4d01-ad81-37eb2aa24006', '84855134-8a16-485c-a6c9-3c56c4212bb3', 2, 2, 'Tendangan', '15:11:08', 1705479068999, 'pakai'),
('e8a0e217-f7ff-4baa-9888-92e33307d828', '81f48620-f7c6-4c70-ae47-257a4027f9b8', '1b0097e7-befc-404f-902e-1f5fbce1e659', 'fc5399e5-128c-4ce7-a028-d4ccf1058f09', 3, 1, 'Pukulan', '15:37:05', 1706603825681, 'gagal'),
('eb793538-4621-4154-9586-26f01ec71c2d', '81f48620-f7c6-4c70-ae47-257a4027f9b8', '1b0097e7-befc-404f-902e-1f5fbce1e659', 'fc5399e5-128c-4ce7-a028-d4ccf1058f09', 1, 2, 'Tendangan', '15:38:01', 1706603881504, 'gagal'),
('eb9871ae-1975-40bd-a8a7-8b2a95263ab9', 'd1d64364-d328-43e7-a18b-adb89f30c6d1', '2edcfb53-4a78-4103-85ae-2076afe83019', 'f8b7c89b-54ce-4dbe-8654-eaa5782ca53c', 2, 1, 'Pukulan', '21:20:10', 1705414810624, 'gagal'),
('ec07be57-aca1-4a1a-8148-985e4b693914', '81f48620-f7c6-4c70-ae47-257a4027f9b8', '1b0097e7-befc-404f-902e-1f5fbce1e659', 'e6b48aab-0546-4035-918a-6b02eb5f34d7', 1, 1, 'Pukulan', '11:09:05', 1705896545842, 'gagal'),
('ec7bb4eb-a595-4c10-9a7a-11346fe16e16', '136eba5f-078f-4673-ace6-6e4de2adbfbc', '538dcb20-bc30-4a2b-a430-556133ffef55', 'f12b13f1-1cdd-4c4c-b0d1-b712be4444e5', 1, 1, 'Pukulan', '14:41:59', 1705477319711, 'gagal'),
('ee2e1c74-df7d-42bc-b12c-604a420bd490', 'c7c39275-1133-4386-b640-eab8a97968ca', '538dcb20-bc30-4a2b-a430-556133ffef55', '090f95b6-336f-4e82-8afd-44ec65288e1a', 2, 2, 'Tendangan', '20:38:43', 1705412323287, 'gagal'),
('ee6bb81a-edfc-4e90-b2c4-341593694817', '81f48620-f7c6-4c70-ae47-257a4027f9b8', '1b0097e7-befc-404f-902e-1f5fbce1e659', 'e6b48aab-0546-4035-918a-6b02eb5f34d7', 3, 2, 'Tendangan', '15:14:05', 1706602445398, 'pakai'),
('eeed3a43-865a-4c73-8f93-8b35b2b7d226', '4d46c629-6451-4887-9261-5527a958ca34', '234f9989-2f78-4642-bb97-7e5e99cc2fee', '55753637-757b-455d-9fde-31ccecb9f831', 2, 2, 'Tendangan', '20:06:47', 1705410407314, 'pakai'),
('ef8ef1f7-e5c9-4abe-87b2-d6e5681f3ee9', '237d8e93-2128-4bb6-b2e4-96cc1f4bbd16', '93704298-cd07-4d01-ad81-37eb2aa24006', 'cf7b19d4-a8b1-4a4b-a505-8a70f5298002', 1, 1, 'Pukulan', '15:05:27', 1705478727714, 'pakai'),
('ef9f1cb1-0864-4ad6-ba85-65f3f999c20d', '81f48620-f7c6-4c70-ae47-257a4027f9b8', '1b0097e7-befc-404f-902e-1f5fbce1e659', 'fc5399e5-128c-4ce7-a028-d4ccf1058f09', 1, 2, 'Tendangan', '17:55:32', 1706612132835, 'gagal'),
('f05e3f21-059a-4789-b3c1-b8a089892c3a', '81f48620-f7c6-4c70-ae47-257a4027f9b8', '1b0097e7-befc-404f-902e-1f5fbce1e659', 'fc5399e5-128c-4ce7-a028-d4ccf1058f09', 1, 2, 'Tendangan', '15:37:57', 1706603877834, 'gagal'),
('f0b3b667-98db-453c-b8ed-cc6fb9f2e940', 'd1d64364-d328-43e7-a18b-adb89f30c6d1', '2edcfb53-4a78-4103-85ae-2076afe83019', 'f8b7c89b-54ce-4dbe-8654-eaa5782ca53c', 1, 1, 'Pukulan', '21:19:35', 1705414775988, 'gagal'),
('f0e1d8f0-f302-4fd5-9464-a7c1a0089347', 'c7c39275-1133-4386-b640-eab8a97968ca', '93704298-cd07-4d01-ad81-37eb2aa24006', '8c4251e0-2cbb-42c5-8466-290c480d9338', 1, 1, 'Pukulan', '20:36:46', 1705412206281, 'pakai'),
('f10050e8-affa-40cd-ad2e-e9388885eed6', '136eba5f-078f-4673-ace6-6e4de2adbfbc', '538dcb20-bc30-4a2b-a430-556133ffef55', '531e1450-326f-476e-ab8a-ff71d0d49ff9', 2, 1, 'Pukulan', '14:43:34', 1705477414488, 'pakai'),
('f1395c3f-fc4e-4554-853d-ebb2ce848b36', '81f48620-f7c6-4c70-ae47-257a4027f9b8', '1b0097e7-befc-404f-902e-1f5fbce1e659', 'fc5399e5-128c-4ce7-a028-d4ccf1058f09', 3, 1, 'Pukulan', '15:37:03', 1706603823897, 'gagal'),
('f16aeb81-ea71-40f1-a62a-5d773e78d9ff', 'ef3dd35a-664b-4b81-8033-d24157aeb950', '736508aa-9cdc-4055-8314-9988b4cb824f', '34ca16bb-3937-4d68-bec9-4ef1dcd06340', 1, 2, 'Tendangan', '07:10:07', 1706659807654, 'gagal'),
('f1a7ac93-9868-48e9-af58-170111120ed3', '81f48620-f7c6-4c70-ae47-257a4027f9b8', '1b0097e7-befc-404f-902e-1f5fbce1e659', 'e6b48aab-0546-4035-918a-6b02eb5f34d7', 1, 2, 'Tendangan', '08:27:16', 1705800436936, 'gagal'),
('f21d33d4-fed8-4a3a-b657-3132468427cc', '81f48620-f7c6-4c70-ae47-257a4027f9b8', '1b0097e7-befc-404f-902e-1f5fbce1e659', 'fc5399e5-128c-4ce7-a028-d4ccf1058f09', 3, 1, 'Pukulan', '15:37:02', 1706603822417, 'gagal'),
('f2b435a2-2bac-459f-a3de-fdb5c6f56f8b', '136eba5f-078f-4673-ace6-6e4de2adbfbc', '234f9989-2f78-4642-bb97-7e5e99cc2fee', 'f12b13f1-1cdd-4c4c-b0d1-b712be4444e5', 2, 1, 'Pukulan', '14:43:48', 1705477428121, 'pakai'),
('f35abf6d-55c2-447c-972a-77b56981c5f1', '81f48620-f7c6-4c70-ae47-257a4027f9b8', '1b0097e7-befc-404f-902e-1f5fbce1e659', 'fc5399e5-128c-4ce7-a028-d4ccf1058f09', 2, 1, 'Pukulan', '15:18:02', 1706602682818, 'gagal'),
('f372ceca-7a34-4f09-93f7-85d0d79032b2', 'e550844d-5ea8-4a3c-872f-b31030c0dcf9', 'e1ca0783-05ba-4f1a-9206-e1497a4ec065', 'f2e09cb9-ae65-4f4c-8787-37c78018ef16', 1, 1, 'Pukulan', '20:42:15', 1705412535756, 'pakai'),
('f3b5ac9c-bff4-4b0e-a260-eaaa2a925325', '81f48620-f7c6-4c70-ae47-257a4027f9b8', '1b0097e7-befc-404f-902e-1f5fbce1e659', 'e6b48aab-0546-4035-918a-6b02eb5f34d7', 1, 1, 'Pukulan', '17:55:07', 1706612107715, 'gagal'),
('f453f4b4-3c3c-49be-88df-002f6c19bc51', '81f48620-f7c6-4c70-ae47-257a4027f9b8', '234f9989-2f78-4642-bb97-7e5e99cc2fee', 'e6b48aab-0546-4035-918a-6b02eb5f34d7', 3, 1, 'Pukulan', '15:16:43', 1706602603422, 'pakai'),
('f4efd6b2-50ac-4a42-8311-5206f9f91a8c', '48d5f2df-2666-4d70-ac24-dde1a9ada6d8', '234f9989-2f78-4642-bb97-7e5e99cc2fee', '335984a1-5e5a-49be-8cfa-eb648e0cc515', 1, 1, 'Pukulan', '20:19:52', 1705411192129, 'gagal'),
('f56ba3a4-ea63-4642-a0cd-1445cc22195f', 'ef3dd35a-664b-4b81-8033-d24157aeb950', '234f9989-2f78-4642-bb97-7e5e99cc2fee', '34ca16bb-3937-4d68-bec9-4ef1dcd06340', 1, 1, 'Pukulan', '21:25:12', 1705415112214, 'gagal'),
('f585ca6b-5dd7-4e10-a944-da4b02ed11f5', 'd1d5353c-d1da-474a-afed-5927f8c9a289', '516aa764-f6f6-4925-9eb9-4aba53ad283c', 'a1d62779-e810-4fc5-95d6-4932539131f8', 1, 2, 'Tendangan', '20:58:41', 1705413521945, 'gagal'),
('f5881940-84f0-4b5e-89a5-7bc9adc3afcc', '3f7f3573-91a0-4281-a852-fee2d7726cae', '736508aa-9cdc-4055-8314-9988b4cb824f', 'f44bc4a2-269e-44dd-991f-f42a9f4d09f6', 1, 2, 'Tendangan', '00:16:13', 1706634973704, 'gagal'),
('f5f74f23-d207-4e99-8cf0-9924081973a8', '136eba5f-078f-4673-ace6-6e4de2adbfbc', '538dcb20-bc30-4a2b-a430-556133ffef55', '531e1450-326f-476e-ab8a-ff71d0d49ff9', 2, 2, 'Tendangan', '14:44:02', 1705477442400, 'gagal'),
('f7319b8f-105e-4a13-aee9-ec4935145f17', 'd1d64364-d328-43e7-a18b-adb89f30c6d1', 'e399208c-4931-4751-b290-6fe51f8f4458', '4e03510b-1793-48b6-b1af-6f3a8cdafa90', 1, 2, 'Tendangan', '21:18:15', 1705414695304, 'pakai'),
('f76a6104-9192-4cac-972a-f4f1f3511d90', '136eba5f-078f-4673-ace6-6e4de2adbfbc', '538dcb20-bc30-4a2b-a430-556133ffef55', 'f12b13f1-1cdd-4c4c-b0d1-b712be4444e5', 1, 1, 'Pukulan', '14:42:29', 1705477349686, 'gagal'),
('f7e65467-78cd-4f8b-a227-00877a397bac', 'c19d8876-a2da-4c28-ab2f-3ddd0105fdc1', 'e91e6bee-4207-45dc-bc7f-a741c112838b', 'd9558b7c-2629-49fd-a6e0-9cb19197a4dd', 2, 2, 'Tendangan', '15:20:59', 1705479659717, 'pakai'),
('f7ecc878-e978-42d8-bc79-2697e70843fd', '02598eb4-9c75-4e2f-8803-bd373e1cc863', '234f9989-2f78-4642-bb97-7e5e99cc2fee', '84855134-8a16-485c-a6c9-3c56c4212bb3', 1, 1, 'Pukulan', '15:10:01', 1705479001258, 'pakai'),
('f8174b2f-6cde-48e0-b3db-5d4c4d1f8a97', '6a5b701b-cf66-4657-a21a-dcc7fa4b3bea', '234f9989-2f78-4642-bb97-7e5e99cc2fee', '6717ef3a-bee0-4a6f-88e6-ed8ecf6b6068', 1, 2, 'Tendangan', '14:55:47', 1705478147857, 'pakai'),
('f8c8886a-4ba4-49f6-aedc-7125bc0aea2d', 'd2ebfb70-4856-4793-8ce0-305b4a01bf4b', '234f9989-2f78-4642-bb97-7e5e99cc2fee', '8da604b6-fe0f-4efa-b40c-da5f96408c12', 2, 2, 'Tendangan', '21:33:46', 1705415626282, 'gagal'),
('f8ef8dd9-d670-4422-805b-228ab619541a', '81f48620-f7c6-4c70-ae47-257a4027f9b8', '1b0097e7-befc-404f-902e-1f5fbce1e659', 'fc5399e5-128c-4ce7-a028-d4ccf1058f09', 1, 1, 'Pukulan', '15:38:01', 1706603881943, 'gagal'),
('f8f3909f-4f76-4e3b-9a9c-9354bf4374f4', '4d46c629-6451-4887-9261-5527a958ca34', 'e91e6bee-4207-45dc-bc7f-a741c112838b', '55753637-757b-455d-9fde-31ccecb9f831', 1, 1, 'Pukulan', '20:05:46', 1705410346420, 'gagal'),
('f9150a93-ded1-4c75-85c5-a7c82e969aff', 'e8db93c0-9a96-48b2-b9ab-faab6c8844ef', 'e399208c-4931-4751-b290-6fe51f8f4458', '3afb54a2-4978-4144-8479-8ada021a05dd', 1, 2, 'Tendangan', '21:10:49', 1705414249847, 'gagal'),
('f98fb4d8-970e-410f-ba62-aa7ad7477a5c', '81f48620-f7c6-4c70-ae47-257a4027f9b8', '1b0097e7-befc-404f-902e-1f5fbce1e659', 'fc5399e5-128c-4ce7-a028-d4ccf1058f09', 3, 1, 'Pukulan', '15:37:08', 1706603828176, 'gagal'),
('f9d1d55c-1dc2-4bd1-8fbf-2c4270da5eba', 'e550844d-5ea8-4a3c-872f-b31030c0dcf9', '538dcb20-bc30-4a2b-a430-556133ffef55', 'f2e09cb9-ae65-4f4c-8787-37c78018ef16', 1, 1, 'Pukulan', '20:42:18', 1705412538663, 'gagal'),
('fae3d316-7eb5-41cb-84fd-36dd7188efe2', '4d46c629-6451-4887-9261-5527a958ca34', 'e91e6bee-4207-45dc-bc7f-a741c112838b', '55753637-757b-455d-9fde-31ccecb9f831', 1, 1, 'Pukulan', '20:05:31', 1705410331027, 'pakai'),
('fb2ad181-e94a-4eae-b9e6-b5ccc895ee81', 'e8db93c0-9a96-48b2-b9ab-faab6c8844ef', '516aa764-f6f6-4925-9eb9-4aba53ad283c', '3afb54a2-4978-4144-8479-8ada021a05dd', 1, 1, 'Pukulan', '21:10:27', 1705414227534, 'pakai'),
('fb5f492d-e848-4181-8734-c0a437a1b53f', '48d5f2df-2666-4d70-ac24-dde1a9ada6d8', '234f9989-2f78-4642-bb97-7e5e99cc2fee', 'f6055ec8-8724-4a9e-92fa-15ac7a0075aa', 1, 2, 'Tendangan', '20:20:28', 1705411228164, 'gagal'),
('fb972434-a57a-422b-b7eb-1fedbf61e5ff', 'e8db93c0-9a96-48b2-b9ab-faab6c8844ef', '516aa764-f6f6-4925-9eb9-4aba53ad283c', '3afb54a2-4978-4144-8479-8ada021a05dd', 1, 2, 'Tendangan', '21:08:36', 1705414116762, 'gagal'),
('fbf35a74-b74f-47c4-a3c0-98282fdfa303', '48d5f2df-2666-4d70-ac24-dde1a9ada6d8', '234f9989-2f78-4642-bb97-7e5e99cc2fee', 'f6055ec8-8724-4a9e-92fa-15ac7a0075aa', 1, 1, 'Pukulan', '20:23:16', 1705411396767, 'gagal'),
('fc402439-c3e3-4b58-9cb3-ded5a5692743', 'd1d5353c-d1da-474a-afed-5927f8c9a289', '2edcfb53-4a78-4103-85ae-2076afe83019', '2e0342b7-ea1b-41ef-87ce-221fbc0aa854', 1, 2, 'Tendangan', '20:58:22', 1705413502110, 'pakai'),
('fc921f5f-d535-40a0-9d3d-48827a5d5e17', '02598eb4-9c75-4e2f-8803-bd373e1cc863', '93704298-cd07-4d01-ad81-37eb2aa24006', '84855134-8a16-485c-a6c9-3c56c4212bb3', 2, 1, 'Pukulan', '15:11:09', 1705479069915, 'gagal'),
('fcbae867-5e0c-42b9-a3b0-a263234790b6', '4d46c629-6451-4887-9261-5527a958ca34', '234f9989-2f78-4642-bb97-7e5e99cc2fee', '55753637-757b-455d-9fde-31ccecb9f831', 2, 1, 'Pukulan', '20:07:13', 1705410433702, 'pakai'),
('fce7fd65-dfe8-4c1f-876e-c7ce9b59411f', 'ef3dd35a-664b-4b81-8033-d24157aeb950', '736508aa-9cdc-4055-8314-9988b4cb824f', '34ca16bb-3937-4d68-bec9-4ef1dcd06340', 1, 1, 'Pukulan', '07:13:30', 1706660010739, 'gagal'),
('fe21c2f4-72cf-4e80-b45a-6fd6e9d58e02', 'e8db93c0-9a96-48b2-b9ab-faab6c8844ef', '1b3e0134-4751-47d0-b336-ff0109c188b6', '3afb54a2-4978-4144-8479-8ada021a05dd', 1, 1, 'Pukulan', '21:10:30', 1705414230245, 'pakai'),
('fe4921b4-b4a7-4f6d-a1d1-3c646f71f694', 'c7c39275-1133-4386-b640-eab8a97968ca', '538dcb20-bc30-4a2b-a430-556133ffef55', '090f95b6-336f-4e82-8afd-44ec65288e1a', 1, 1, 'Pukulan', '20:36:27', 1705412187378, 'gagal');

-- --------------------------------------------------------

--
-- Table structure for table `nilai_fix`
--

CREATE TABLE `nilai_fix` (
  `id_nilai` varchar(100) NOT NULL,
  `id_tanding` varchar(100) NOT NULL,
  `id_peserta` varchar(100) NOT NULL,
  `babak` int(11) NOT NULL,
  `skor` int(11) NOT NULL,
  `ket` varchar(20) NOT NULL,
  `waktu` time NOT NULL
) ENGINE=InnoDB DEFAULT CHARSET=utf8mb4 COLLATE=utf8mb4_general_ci;

--
-- Dumping data for table `nilai_fix`
--

INSERT INTO `nilai_fix` (`id_nilai`, `id_tanding`, `id_peserta`, `babak`, `skor`, `ket`, `waktu`) VALUES
('02b07b7d-f7b4-474e-ba05-e73d55822bbe', '81f48620-f7c6-4c70-ae47-257a4027f9b8', 'e6b48aab-0546-4035-918a-6b02eb5f34d7', 2, 2, 'Tendangan', '15:13:18'),
('03157a5c-9bbc-4cd8-b282-ad5ed99f2406', '94bb76c5-fbdf-465f-9fbc-bf6d7c51a98a', '28634827-8a0c-4ea0-b61a-423418d582ea', 1, 2, 'Tendangan', '20:28:43'),
('03f473c9-df82-45f5-8ecd-6f94cfb32eb9', 'c7c39275-1133-4386-b640-eab8a97968ca', '8c4251e0-2cbb-42c5-8466-290c480d9338', 2, 1, 'Pukulan', '20:38:54'),
('0899706c-c3b3-43b8-9fcb-161499f4d96f', '6a5b701b-cf66-4657-a21a-dcc7fa4b3bea', 'd032f515-70c4-4f6b-a755-5f72e420901f', 1, 2, 'Tendangan', '14:56:23'),
('08e851dd-4bcc-4032-bdf4-eab187ee30c7', '02598eb4-9c75-4e2f-8803-bd373e1cc863', '84855134-8a16-485c-a6c9-3c56c4212bb3', 2, 2, 'Tendangan', '15:11:54'),
('096b5882-274d-48ab-9205-132d5ac0d17e', '237d8e93-2128-4bb6-b2e4-96cc1f4bbd16', 'f6055ec8-8724-4a9e-92fa-15ac7a0075aa', 2, 2, 'Tendangan', '15:06:40'),
('0d1ed802-1a1e-46a9-b160-2081acde04ec', '75ff1cd6-f4f3-4f76-8b6f-6dcab342e37d', '82c473b8-fbdf-4028-906f-0edadf4b6054', 1, 1, 'Pukulan', '20:48:33'),
('0df96d58-22cc-4e5d-a87e-ed62db47c5b0', 'd1d5353c-d1da-474a-afed-5927f8c9a289', 'a1d62779-e810-4fc5-95d6-4932539131f8', 2, 1, 'Pukulan', '21:00:25'),
('0e57ee8a-9cfc-457b-b051-ad506d63fe57', '9e56db5d-74af-49dc-bd85-bc414dfe8fd8', 'ffcc39a8-7ef2-488a-ab85-0551297e95bd', 1, 2, 'Tendangan', '20:20:29'),
('0fdf6ad4-766e-452c-a83e-ea5cddae93aa', '136eba5f-078f-4673-ace6-6e4de2adbfbc', '531e1450-326f-476e-ab8a-ff71d0d49ff9', 1, 1, 'Pukulan', '14:42:00'),
('109c0529-34e1-4eed-9f10-041b0333e1a7', 'ef3dd35a-664b-4b81-8033-d24157aeb950', '34ca16bb-3937-4d68-bec9-4ef1dcd06340', 1, 2, 'Tendangan', '21:25:11'),
('10ae37c6-6721-4398-8dce-86337df8d6d8', '02598eb4-9c75-4e2f-8803-bd373e1cc863', 'fab08335-00da-4c43-bb91-77045a543555', 1, 2, 'Tendangan', '15:10:09'),
('12327e27-3f6e-4234-802e-f79b1bd0c42a', '94bb76c5-fbdf-465f-9fbc-bf6d7c51a98a', '28634827-8a0c-4ea0-b61a-423418d582ea', 1, 2, 'Tendangan', '20:28:15'),
('16d99201-26d6-40e8-80f8-07a0473aee72', 'ef3dd35a-664b-4b81-8033-d24157aeb950', '34ca16bb-3937-4d68-bec9-4ef1dcd06340', 1, 1, 'Pukulan', '21:24:45'),
('182c3d0a-d37f-4232-8bb3-81f5f3a59a63', '4d46c629-6451-4887-9261-5527a958ca34', '55753637-757b-455d-9fde-31ccecb9f831', 2, 1, 'Pukulan', '20:07:26'),
('19c12dc0-1ae6-4d6c-a1c7-73954d0c2105', '1ac734b4-7d69-45f1-89d3-e269bb293e50', 'b6f03624-1f59-43fe-a005-b2626cb56952', 1, 1, 'Pukulan', '20:53:53'),
('1f4bf989-e3b9-414c-ad23-b2a26c6cb2b0', '81f48620-f7c6-4c70-ae47-257a4027f9b8', 'e6b48aab-0546-4035-918a-6b02eb5f34d7', 3, 2, 'Tendangan', '15:16:47'),
('23cba3ee-a7fe-4a05-8863-e4135f678ee2', 'c19d8876-a2da-4c28-ab2f-3ddd0105fdc1', 'd9558b7c-2629-49fd-a6e0-9cb19197a4dd', 1, 1, 'Pukulan', '15:19:17'),
('28ff5ca6-0551-4da7-8515-f995f07b39f8', '94bb76c5-fbdf-465f-9fbc-bf6d7c51a98a', '28634827-8a0c-4ea0-b61a-423418d582ea', 1, 2, 'Tendangan', '20:28:41'),
('29873f26-b317-4baa-a50c-1c7ece50743b', 'c19d8876-a2da-4c28-ab2f-3ddd0105fdc1', '28634827-8a0c-4ea0-b61a-423418d582ea', 2, 2, 'Tendangan', '15:21:26'),
('2d037c5e-5be4-4b3b-9441-d074e3331184', '94bb76c5-fbdf-465f-9fbc-bf6d7c51a98a', '28634827-8a0c-4ea0-b61a-423418d582ea', 1, 2, 'Tendangan', '20:28:55'),
('2ddcdb67-ddb6-47fe-8cdd-92459c630e61', '02598eb4-9c75-4e2f-8803-bd373e1cc863', '84855134-8a16-485c-a6c9-3c56c4212bb3', 1, 2, 'Tendangan', '15:10:06'),
('2e783c46-e119-48b3-8e32-b73b5c78870b', '02598eb4-9c75-4e2f-8803-bd373e1cc863', '84855134-8a16-485c-a6c9-3c56c4212bb3', 1, 1, 'Pukulan', '15:08:56'),
('2ebb6b58-9b2a-4e23-937f-ad07ae14fb07', '0a51af79-018a-45b0-bc80-466012ce7182', '12903ec2-e8d5-47ff-8724-da8a04ae6026', 1, 2, 'Tendangan', '20:10:42'),
('2f41ea04-440f-40e3-b025-83c92693ab46', 'e550844d-5ea8-4a3c-872f-b31030c0dcf9', 'f2e09cb9-ae65-4f4c-8787-37c78018ef16', 1, 2, 'Tendangan', '20:42:16'),
('32538bc6-aae1-4e59-ad33-0e5ed72dd490', 'c7c39275-1133-4386-b640-eab8a97968ca', '8c4251e0-2cbb-42c5-8466-290c480d9338', 1, 2, 'Tendangan', '20:37:10'),
('347d03c0-fef8-4e79-b7a2-0ef1bd4a6396', 'c19d8876-a2da-4c28-ab2f-3ddd0105fdc1', '28634827-8a0c-4ea0-b61a-423418d582ea', 1, 2, 'Tendangan', '15:19:07'),
('35b5e849-ab2b-40fd-9139-598372fabc82', '194969d7-0d68-469f-9a22-1f3c99957504', 'db4079d9-206a-4273-8fc9-892b3c9543f2', 2, 1, 'Pukulan', '21:04:51'),
('3c92bc3e-995f-4974-8207-29aaf9e62f2d', '0a51af79-018a-45b0-bc80-466012ce7182', '12903ec2-e8d5-47ff-8724-da8a04ae6026', 1, 2, 'Tendangan', '20:11:08'),
('412a0b04-e05c-494c-ab30-4fe6f99de16a', '48d5f2df-2666-4d70-ac24-dde1a9ada6d8', 'f6055ec8-8724-4a9e-92fa-15ac7a0075aa', 1, 2, 'Tendangan', '20:23:34'),
('4198e9ec-e6fa-4178-a382-e46590d4ac21', '237d8e93-2128-4bb6-b2e4-96cc1f4bbd16', 'f6055ec8-8724-4a9e-92fa-15ac7a0075aa', 1, 2, 'Tendangan', '15:05:29'),
('45e21fbc-12ff-4a49-a2ba-a4a071c3606b', '81f48620-f7c6-4c70-ae47-257a4027f9b8', 'fc5399e5-128c-4ce7-a028-d4ccf1058f09', 3, 1, 'Pukulan', '15:16:52'),
('45fbb899-634d-4bcf-85d8-2f90f17ce29f', '81f48620-f7c6-4c70-ae47-257a4027f9b8', 'e6b48aab-0546-4035-918a-6b02eb5f34d7', 3, 1, 'Pukulan', '15:13:53'),
('47503bfe-7ab4-4a71-88c9-4568259baebf', '0a51af79-018a-45b0-bc80-466012ce7182', '12903ec2-e8d5-47ff-8724-da8a04ae6026', 2, 2, 'Tendangan', '20:12:58'),
('48b65fdf-5001-45c8-a9d5-c898f8ac6b04', 'd1d5353c-d1da-474a-afed-5927f8c9a289', '2e0342b7-ea1b-41ef-87ce-221fbc0aa854', 2, 2, 'Tendangan', '21:00:35'),
('4955c164-1aab-4866-a422-38be65ce4f89', 'd1d5353c-d1da-474a-afed-5927f8c9a289', '2e0342b7-ea1b-41ef-87ce-221fbc0aa854', 2, 2, 'Tendangan', '21:00:19'),
('4e499f66-a8df-465a-9bc6-5c7d2e5c6c78', '48d5f2df-2666-4d70-ac24-dde1a9ada6d8', '335984a1-5e5a-49be-8cfa-eb648e0cc515', 2, 1, 'Pukulan', '20:25:34'),
('4f87fd56-379d-4072-8f4e-3dd3d4f796ee', 'c7c39275-1133-4386-b640-eab8a97968ca', '8c4251e0-2cbb-42c5-8466-290c480d9338', 1, 2, 'Tendangan', '20:36:44'),
('4f9c6ca6-ffcc-4b41-b55b-2d65e52971e3', 'd1d5353c-d1da-474a-afed-5927f8c9a289', 'a1d62779-e810-4fc5-95d6-4932539131f8', 1, 2, 'Tendangan', '20:58:41'),
('5185fa2f-aa58-4047-8e0c-bb4b1877b809', '02598eb4-9c75-4e2f-8803-bd373e1cc863', '84855134-8a16-485c-a6c9-3c56c4212bb3', 1, 2, 'Tendangan', '15:10:02'),
('5379e911-039a-4b51-886e-8d8c50861d91', 'c7c39275-1133-4386-b640-eab8a97968ca', '8c4251e0-2cbb-42c5-8466-290c480d9338', 1, 1, 'Pukulan', '20:36:46'),
('557c6292-547b-4b9f-8735-079739fa1a0b', 'd1d64364-d328-43e7-a18b-adb89f30c6d1', '4e03510b-1793-48b6-b1af-6f3a8cdafa90', 1, 2, 'Tendangan', '21:17:56'),
('5803fbe1-e37d-4434-aa23-daee8cf5e4c5', '02598eb4-9c75-4e2f-8803-bd373e1cc863', 'fab08335-00da-4c43-bb91-77045a543555', 1, 2, 'Tendangan', '15:09:07'),
('58d04934-5880-4aa1-8aff-769c83e0b242', 'd2ebfb70-4856-4793-8ce0-305b4a01bf4b', '8da604b6-fe0f-4efa-b40c-da5f96408c12', 2, 1, 'Pukulan', '21:33:52'),
('599e0fae-53b3-4297-a594-45b0e9e5685b', 'e550844d-5ea8-4a3c-872f-b31030c0dcf9', 'f2e09cb9-ae65-4f4c-8787-37c78018ef16', 1, 2, 'Tendangan', '20:42:18'),
('5e46a6a3-aeb9-4687-9b8e-e7295b86bd9c', 'd1d64364-d328-43e7-a18b-adb89f30c6d1', '4e03510b-1793-48b6-b1af-6f3a8cdafa90', 1, 2, 'Tendangan', '21:17:29'),
('60590f36-8776-40fc-aa3e-04104f24e9e0', 'c19d8876-a2da-4c28-ab2f-3ddd0105fdc1', 'd9558b7c-2629-49fd-a6e0-9cb19197a4dd', 2, 1, 'Pukulan', '15:20:59'),
('632208d0-e898-4d37-8b64-7d03302992d3', 'c7c39275-1133-4386-b640-eab8a97968ca', '090f95b6-336f-4e82-8afd-44ec65288e1a', 1, 1, 'Pukulan', '17:13:30'),
('6605e888-4c37-45a6-9889-e3bf943c9388', '1ac734b4-7d69-45f1-89d3-e269bb293e50', '97323c88-fc8a-4a2f-830e-dbb6f371373c', 1, 2, 'Tendangan', '20:54:06'),
('67fa63d8-78f5-4ee6-9535-cbbc0c90df48', '237d8e93-2128-4bb6-b2e4-96cc1f4bbd16', 'cf7b19d4-a8b1-4a4b-a505-8a70f5298002', 1, 1, 'Pukulan', '15:05:27'),
('68024248-c000-4ebe-b2c7-08a0ee4e004a', '9e56db5d-74af-49dc-bd85-bc414dfe8fd8', 'ffcc39a8-7ef2-488a-ab85-0551297e95bd', 1, 2, 'Tendangan', '20:20:10'),
('689209fa-65cd-471d-bb63-dee2ba3c1e92', '0a51af79-018a-45b0-bc80-466012ce7182', '12903ec2-e8d5-47ff-8724-da8a04ae6026', 2, 2, 'Tendangan', '20:13:01'),
('6cc6eae4-884a-4744-90dc-5e166913a157', '02598eb4-9c75-4e2f-8803-bd373e1cc863', '84855134-8a16-485c-a6c9-3c56c4212bb3', 2, 1, 'Pukulan', '15:11:18'),
('6d26a4bd-3d30-4ef9-b5ce-2830c91e84e9', '0a51af79-018a-45b0-bc80-466012ce7182', '12903ec2-e8d5-47ff-8724-da8a04ae6026', 1, 2, 'Tendangan', '20:11:09'),
('6db99c3e-8feb-4244-a654-e087ee0fe41f', 'e550844d-5ea8-4a3c-872f-b31030c0dcf9', 'f2e09cb9-ae65-4f4c-8787-37c78018ef16', 1, 2, 'Tendangan', '20:42:18'),
('6e3bdf67-cfc3-4fb9-b693-407d0cf300c5', 'c7c39275-1133-4386-b640-eab8a97968ca', '8c4251e0-2cbb-42c5-8466-290c480d9338', 2, 2, 'Tendangan', '20:38:54'),
('6e72373a-d2f8-4d7c-a27a-8feac72afaba', '4d46c629-6451-4887-9261-5527a958ca34', '66c61a8d-2870-4244-8372-68840526ea89', 2, 2, 'Tendangan', '20:07:08'),
('6f568913-4b77-4077-9900-8f5badeae0fc', '194969d7-0d68-469f-9a22-1f3c99957504', 'db4079d9-206a-4273-8fc9-892b3c9543f2', 1, 2, 'Tendangan', '21:03:12'),
('73a01397-5a48-404d-84be-d2853c6d7e3f', 'e550844d-5ea8-4a3c-872f-b31030c0dcf9', 'f2e09cb9-ae65-4f4c-8787-37c78018ef16', 1, 2, 'Tendangan', '20:42:06'),
('73d86ccb-31a4-46f7-a846-0b13d9a6908b', '81f48620-f7c6-4c70-ae47-257a4027f9b8', 'fc5399e5-128c-4ce7-a028-d4ccf1058f09', 2, 2, 'Tendangan', '15:13:31'),
('753448dd-54dd-4df6-8f0d-7fb26163abbc', '4d46c629-6451-4887-9261-5527a958ca34', '66c61a8d-2870-4244-8372-68840526ea89', 2, 1, 'Pukulan', '20:07:07'),
('75594afc-fe09-4260-9208-e83bddce8935', '75ff1cd6-f4f3-4f76-8b6f-6dcab342e37d', '82c473b8-fbdf-4028-906f-0edadf4b6054', 1, 2, 'Tendangan', '20:48:34'),
('7965b729-1578-4894-9082-44dcc26534c5', '81f48620-f7c6-4c70-ae47-257a4027f9b8', 'fc5399e5-128c-4ce7-a028-d4ccf1058f09', 2, 1, 'Pukulan', '15:13:24'),
('79e50989-3b45-4d48-9d6b-35fd064a21ce', 'e8db93c0-9a96-48b2-b9ab-faab6c8844ef', '3afb54a2-4978-4144-8479-8ada021a05dd', 1, 2, 'Tendangan', '21:10:28'),
('7b42f3b9-dcdd-431e-beac-77345546df83', '4d46c629-6451-4887-9261-5527a958ca34', '55753637-757b-455d-9fde-31ccecb9f831', 2, 1, 'Pukulan', '20:07:13'),
('7c07ca66-9ae9-4792-903b-409bf63e4d5d', '0a51af79-018a-45b0-bc80-466012ce7182', '12903ec2-e8d5-47ff-8724-da8a04ae6026', 1, 2, 'Tendangan', '20:11:29'),
('7c870afe-4cdf-474d-a665-f70104a2ab4f', 'd1d5353c-d1da-474a-afed-5927f8c9a289', 'a1d62779-e810-4fc5-95d6-4932539131f8', 2, 1, 'Pukulan', '21:00:08'),
('7cb081ed-9570-41bc-bc97-5fe6f09e2758', '237d8e93-2128-4bb6-b2e4-96cc1f4bbd16', 'f6055ec8-8724-4a9e-92fa-15ac7a0075aa', 2, 2, 'Tendangan', '15:06:54'),
('7fe3deb2-a6be-47ca-83e2-fd74afe92fef', '6a5b701b-cf66-4657-a21a-dcc7fa4b3bea', '6717ef3a-bee0-4a6f-88e6-ed8ecf6b6068', 2, 1, 'Pukulan', '14:57:22'),
('84beac09-6076-475a-8279-8511ad50543a', '6a5b701b-cf66-4657-a21a-dcc7fa4b3bea', '6717ef3a-bee0-4a6f-88e6-ed8ecf6b6068', 1, 1, 'Pukulan', '14:55:46'),
('8b1b185c-3a9c-4d6c-881a-7cd5b3bb0868', '4d46c629-6451-4887-9261-5527a958ca34', '66c61a8d-2870-4244-8372-68840526ea89', 1, 2, 'Tendangan', '20:05:22'),
('8f3776dc-abed-43db-a49d-e5291ef2b54f', 'd1d5353c-d1da-474a-afed-5927f8c9a289', '2e0342b7-ea1b-41ef-87ce-221fbc0aa854', 2, 2, 'Tendangan', '20:59:52'),
('916431af-7306-4e0a-8242-e91fa84f9187', '136eba5f-078f-4673-ace6-6e4de2adbfbc', '531e1450-326f-476e-ab8a-ff71d0d49ff9', 2, 2, 'Tendangan', '14:43:49'),
('92e30356-9397-465b-a2fd-b29c5ab5d29e', '1ac734b4-7d69-45f1-89d3-e269bb293e50', 'b6f03624-1f59-43fe-a005-b2626cb56952', 1, 1, 'Pukulan', '20:53:25'),
('941e3dc6-3c6c-4155-b89a-307df5381321', '4d46c629-6451-4887-9261-5527a958ca34', '55753637-757b-455d-9fde-31ccecb9f831', 1, 1, 'Pukulan', '20:04:56'),
('980a5ebc-2146-4bc4-a79a-863c48d7cf13', '48d5f2df-2666-4d70-ac24-dde1a9ada6d8', '335984a1-5e5a-49be-8cfa-eb648e0cc515', 2, 2, 'Tendangan', '20:25:31'),
('9855c082-2a3d-4447-838e-c9c98f4e7483', '94bb76c5-fbdf-465f-9fbc-bf6d7c51a98a', '28634827-8a0c-4ea0-b61a-423418d582ea', 1, 2, 'Tendangan', '20:28:49'),
('9c17e708-29d8-4e53-9a7d-e4e2720a3e0f', 'c7c39275-1133-4386-b640-eab8a97968ca', '090f95b6-336f-4e82-8afd-44ec65288e1a', 2, 2, 'Tendangan', '20:38:01'),
('9cd7056e-c765-4ee5-926e-a4d3a5966123', 'c19d8876-a2da-4c28-ab2f-3ddd0105fdc1', 'd9558b7c-2629-49fd-a6e0-9cb19197a4dd', 2, 1, 'Pukulan', '15:20:32'),
('a1b4f4a0-7ee4-4f66-beb6-335d26c9c5ce', '75ff1cd6-f4f3-4f76-8b6f-6dcab342e37d', '82c473b8-fbdf-4028-906f-0edadf4b6054', 2, 2, 'Tendangan', '20:50:24'),
('a1b99943-494e-4685-adc3-3de255676b27', '9e56db5d-74af-49dc-bd85-bc414dfe8fd8', 'ffcc39a8-7ef2-488a-ab85-0551297e95bd', 1, 2, 'Tendangan', '20:19:43'),
('a74c15c1-c052-4809-91d5-19e8684cf66f', 'e550844d-5ea8-4a3c-872f-b31030c0dcf9', 'f2e09cb9-ae65-4f4c-8787-37c78018ef16', 1, 1, 'Pukulan', '20:42:16'),
('af22c3d6-cac1-4fc2-9c93-7713f3a28ab5', '237d8e93-2128-4bb6-b2e4-96cc1f4bbd16', 'f6055ec8-8724-4a9e-92fa-15ac7a0075aa', 2, 1, 'Pukulan', '15:06:20'),
('b2cbcff5-d5f3-462b-9ca0-6a111391fad5', '02598eb4-9c75-4e2f-8803-bd373e1cc863', '84855134-8a16-485c-a6c9-3c56c4212bb3', 2, 2, 'Tendangan', '15:11:09'),
('b4d5e520-dfff-4f6c-97bc-2f020a65409a', '94bb76c5-fbdf-465f-9fbc-bf6d7c51a98a', '28634827-8a0c-4ea0-b61a-423418d582ea', 1, 1, 'Pukulan', '20:28:15'),
('b98b5785-1d23-4d84-9110-14cb47b0bf71', '4d46c629-6451-4887-9261-5527a958ca34', '66c61a8d-2870-4244-8372-68840526ea89', 1, 1, 'Pukulan', '20:05:23'),
('bbc96510-4d16-4073-9fd2-5c2272b24fef', '81f48620-f7c6-4c70-ae47-257a4027f9b8', 'e6b48aab-0546-4035-918a-6b02eb5f34d7', 2, 1, 'Pukulan', '15:13:12'),
('c0da0283-1000-4972-974a-0c5091386f27', '9e56db5d-74af-49dc-bd85-bc414dfe8fd8', '23c25ec4-f527-40f8-aec6-0f5b53025244', 1, 1, 'Pukulan', '20:19:52'),
('c1d4875f-a3af-498f-b648-cb391015571c', '136eba5f-078f-4673-ace6-6e4de2adbfbc', 'f12b13f1-1cdd-4c4c-b0d1-b712be4444e5', 2, 1, 'Pukulan', '14:43:48'),
('c347fea6-b9b0-440f-b99e-a9bb1a978ccc', '4d46c629-6451-4887-9261-5527a958ca34', '66c61a8d-2870-4244-8372-68840526ea89', 2, 2, 'Tendangan', '20:06:44'),
('c484fa6d-3253-47c4-9544-84d3147486b3', '48d5f2df-2666-4d70-ac24-dde1a9ada6d8', 'f6055ec8-8724-4a9e-92fa-15ac7a0075aa', 1, 2, 'Tendangan', '20:23:39'),
('c5c87a27-3282-4093-9693-e581dd8a29e4', 'c19d8876-a2da-4c28-ab2f-3ddd0105fdc1', 'd9558b7c-2629-49fd-a6e0-9cb19197a4dd', 1, 1, 'Pukulan', '15:19:24'),
('c872a38b-f4cb-48f7-b94c-54210d1dbea7', 'c7c39275-1133-4386-b640-eab8a97968ca', '8c4251e0-2cbb-42c5-8466-290c480d9338', 1, 1, 'Pukulan', '20:36:55'),
('d196e8c7-2a8f-4147-9df7-430be9a1c540', '136eba5f-078f-4673-ace6-6e4de2adbfbc', '531e1450-326f-476e-ab8a-ff71d0d49ff9', 1, 1, 'Pukulan', '14:42:29'),
('d3453ace-e021-4158-a6d6-45aeb5778e7d', '4d46c629-6451-4887-9261-5527a958ca34', '66c61a8d-2870-4244-8372-68840526ea89', 2, 1, 'Pukulan', '20:06:43'),
('d34ff03f-bd83-478c-9da5-b09ca6864fd1', '81f48620-f7c6-4c70-ae47-257a4027f9b8', 'e6b48aab-0546-4035-918a-6b02eb5f34d7', 3, 2, 'Tendangan', '15:14:06'),
('d451f7b3-9fdb-4d24-bb17-bbad66efdf36', '194969d7-0d68-469f-9a22-1f3c99957504', 'db4079d9-206a-4273-8fc9-892b3c9543f2', 1, 2, 'Tendangan', '21:03:15'),
('d4cd26ba-5f1c-429f-b2b6-5f631a642fa0', '75ff1cd6-f4f3-4f76-8b6f-6dcab342e37d', '82c473b8-fbdf-4028-906f-0edadf4b6054', 1, 2, 'Tendangan', '20:48:10'),
('d84de23b-39e0-434f-8652-8cb3cef46288', 'c7c39275-1133-4386-b640-eab8a97968ca', '090f95b6-336f-4e82-8afd-44ec65288e1a', 1, 2, 'Tendangan', '17:13:34'),
('da6e5bfc-e9ee-40e4-b84e-61b2f3e77e6c', 'd2ebfb70-4856-4793-8ce0-305b4a01bf4b', '8da604b6-fe0f-4efa-b40c-da5f96408c12', 1, 1, 'Pukulan', '21:31:06'),
('dabb6d98-a5d2-489c-93bc-3475e5a85980', '1ac734b4-7d69-45f1-89d3-e269bb293e50', '97323c88-fc8a-4a2f-830e-dbb6f371373c', 1, 2, 'Tendangan', '20:53:32'),
('dd13d6e0-1874-49bf-b911-5f28c919c60b', '237d8e93-2128-4bb6-b2e4-96cc1f4bbd16', 'f6055ec8-8724-4a9e-92fa-15ac7a0075aa', 1, 1, 'Pukulan', '15:04:31'),
('e11242f1-a6f7-4c84-aac1-3f79b45860c7', 'c19d8876-a2da-4c28-ab2f-3ddd0105fdc1', 'd9558b7c-2629-49fd-a6e0-9cb19197a4dd', 1, 2, 'Tendangan', '15:19:32'),
('e3289c50-c3d0-417d-b797-688cd422f41f', '1ac734b4-7d69-45f1-89d3-e269bb293e50', '97323c88-fc8a-4a2f-830e-dbb6f371373c', 1, 2, 'Tendangan', '20:53:33'),
('e4bc4492-ed59-4745-8b39-e939dbfe2274', '4d46c629-6451-4887-9261-5527a958ca34', '66c61a8d-2870-4244-8372-68840526ea89', 1, 2, 'Tendangan', '20:05:45'),
('eeed3a43-865a-4c73-8f93-8b35b2b7d226', '4d46c629-6451-4887-9261-5527a958ca34', '55753637-757b-455d-9fde-31ccecb9f831', 2, 2, 'Tendangan', '20:06:47'),
('f10050e8-affa-40cd-ad2e-e9388885eed6', '136eba5f-078f-4673-ace6-6e4de2adbfbc', '531e1450-326f-476e-ab8a-ff71d0d49ff9', 2, 1, 'Pukulan', '14:43:34'),
('f453f4b4-3c3c-49be-88df-002f6c19bc51', '81f48620-f7c6-4c70-ae47-257a4027f9b8', 'e6b48aab-0546-4035-918a-6b02eb5f34d7', 3, 1, 'Pukulan', '15:16:43'),
('f7319b8f-105e-4a13-aee9-ec4935145f17', 'd1d64364-d328-43e7-a18b-adb89f30c6d1', '4e03510b-1793-48b6-b1af-6f3a8cdafa90', 1, 2, 'Tendangan', '21:18:15'),
('f7e65467-78cd-4f8b-a227-00877a397bac', 'c19d8876-a2da-4c28-ab2f-3ddd0105fdc1', 'd9558b7c-2629-49fd-a6e0-9cb19197a4dd', 2, 2, 'Tendangan', '15:20:59'),
('f7ecc878-e978-42d8-bc79-2697e70843fd', '02598eb4-9c75-4e2f-8803-bd373e1cc863', '84855134-8a16-485c-a6c9-3c56c4212bb3', 1, 1, 'Pukulan', '15:10:01'),
('f8174b2f-6cde-48e0-b3db-5d4c4d1f8a97', '6a5b701b-cf66-4657-a21a-dcc7fa4b3bea', '6717ef3a-bee0-4a6f-88e6-ed8ecf6b6068', 1, 2, 'Tendangan', '14:55:47'),
('fae3d316-7eb5-41cb-84fd-36dd7188efe2', '4d46c629-6451-4887-9261-5527a958ca34', '55753637-757b-455d-9fde-31ccecb9f831', 1, 1, 'Pukulan', '20:05:31'),
('fb2ad181-e94a-4eae-b9e6-b5ccc895ee81', 'e8db93c0-9a96-48b2-b9ab-faab6c8844ef', '3afb54a2-4978-4144-8479-8ada021a05dd', 1, 1, 'Pukulan', '21:10:27'),
('fc402439-c3e3-4b58-9cb3-ded5a5692743', 'd1d5353c-d1da-474a-afed-5927f8c9a289', '2e0342b7-ea1b-41ef-87ce-221fbc0aa854', 1, 2, 'Tendangan', '20:58:22'),
('fe21c2f4-72cf-4e80-b45a-6fd6e9d58e02', 'e8db93c0-9a96-48b2-b9ab-faab6c8844ef', '3afb54a2-4978-4144-8479-8ada021a05dd', 1, 1, 'Pukulan', '21:10:30');

-- --------------------------------------------------------

--
-- Table structure for table `partai`
--

CREATE TABLE `partai` (
  `id_partai` varchar(100) NOT NULL,
  `urut` int(11) NOT NULL,
  `babak` varchar(20) NOT NULL,
  `merah` varchar(100) NOT NULL,
  `biru` varchar(100) NOT NULL,
  `tanggal` date NOT NULL
) ENGINE=InnoDB DEFAULT CHARSET=utf8mb4 COLLATE=utf8mb4_general_ci;

--
-- Dumping data for table `partai`
--

INSERT INTO `partai` (`id_partai`, `urut`, `babak`, `merah`, `biru`, `tanggal`) VALUES
('06a90b48-14b0-4c33-a724-6df0c2299c0b', 18, 'Penyisihan', '37c7043b-91d4-4e9c-96f3-8038c2dfa18c', '5c7a6b20-59b4-4792-8382-1e22c2faa527', '2024-01-16'),
('0b852ed0-8e24-4c32-a5da-39127c2bc535', 33, 'Penyisihan', '7dfca821-6b01-49da-8ec1-960f8291b36f', '12903ec2-e8d5-47ff-8724-da8a04ae6026', '2024-01-16'),
('13bdf01a-a780-4773-a17f-3370f163b626', 30, 'Penyisihan', 'f12b13f1-1cdd-4c4c-b0d1-b712be4444e5', '531e1450-326f-476e-ab8a-ff71d0d49ff9', '2024-01-16'),
('251ee63b-c420-4ad5-84fa-8a4c39e7d65b', 24, 'Penyisihan', 'd7b25696-2a58-4aef-9013-a810a5d46541', '87b2617d-407d-47f4-950a-abac3edb65ca', '2024-01-16'),
('34b07f93-b363-444c-9a4d-53b4d196028a', 20, 'Penyisihan', '97323c88-fc8a-4a2f-830e-dbb6f371373c', 'b6f03624-1f59-43fe-a005-b2626cb56952', '2024-01-16'),
('53d523be-e0bf-4bc6-b553-58a02e25ee18', 31, 'Penyisihan', 'a67ee66d-7339-46e9-912f-e2cf7dc237ea', '66c61a8d-2870-4244-8372-68840526ea89', '2024-01-16'),
('5d46cc78-91ac-4cb6-baae-6e5e9d2466b4', 15, 'Penyisihan', 'ccaaf4c1-0e3d-4ca4-9fbe-0bf3853d423d', '7493b127-6c40-4f0f-84e9-c8feaadd8de7', '2024-01-16'),
('6864eab9-899e-4178-9784-fa1221a04278', 29, 'Penyisihan', '91c4d04f-661f-40a6-8458-ef62673a0a31', 'f44bc4a2-269e-44dd-991f-f42a9f4d09f6', '2024-01-16'),
('6a7fc3a3-447e-48ea-a43e-f68deec05777', 26, 'Penyisihan', 'f8b7c89b-54ce-4dbe-8654-eaa5782ca53c', '4e03510b-1793-48b6-b1af-6f3a8cdafa90', '2024-01-16'),
('708ba279-b00f-41d0-8706-e33cf2a61c36', 34, 'Penyisihan', '905e3ada-dcd7-4e02-a6a0-0bbae4418f5b', '2907c49f-e1b5-45ce-bdb8-3aa300a74ba5', '2024-01-16'),
('7237bb91-e264-425d-993a-efb9c17e0ad4', 16, 'Penyisihan', '090f95b6-336f-4e82-8afd-44ec65288e1a', '8c4251e0-2cbb-42c5-8466-290c480d9338', '2024-01-16'),
('8107f7dd-1178-429f-8383-4e7f140d9b10', 23, 'Penyisihan', '3afb54a2-4978-4144-8479-8ada021a05dd', '7e93450d-4fd2-47b8-b7f7-92fdb9484432', '2024-01-16'),
('8c3033a1-986c-45bd-9275-8b7e19966c3a', 22, 'Penyisihan', 'db4079d9-206a-4273-8fc9-892b3c9543f2', '889dad8c-7941-4293-9160-becb4b2b8c95', '2024-01-16'),
('8dc3bc2a-efb4-4189-96ec-7c0c68a50185', 32, 'Penyisihan', '6717ef3a-bee0-4a6f-88e6-ed8ecf6b6068', 'd032f515-70c4-4f6b-a755-5f72e420901f', '2024-01-16'),
('9aa8188f-34b5-4afe-9127-8ff8ccbcbc05', 19, 'Penyisihan', '38c26e86-381d-4c63-9c29-0e9ed0674347', '82c473b8-fbdf-4028-906f-0edadf4b6054', '2024-01-16'),
('a446503f-0385-4d9f-a1fd-fc66c1aa7943', 25, 'Penyisihan', '04552975-17e3-44c8-a93a-b5a1421ab234', 'fecfb0eb-3452-4ffc-b5b2-84dc30947856', '2024-01-16'),
('a9b2573e-fe9d-4df3-9d6b-c10d6b0f2209', 35, 'Penyisihan', 'db13b9c3-0454-4324-91f8-c2249962ed47', 'ffcc39a8-7ef2-488a-ab85-0551297e95bd', '2024-01-16'),
('cb1f8300-22e0-4f35-9aef-c43520bd8d13', 36, 'Penyisihan', '9cba9be3-301a-4b90-957e-4480472244a0', '7d4bbf5b-4380-43c0-b537-0ffb41168895', '2024-01-16'),
('cd53c60e-ca39-4ece-ad40-1caee8235dae', 17, 'Penyisihan', 'f2e09cb9-ae65-4f4c-8787-37c78018ef16', '88dbb057-17d1-4f89-9033-3fd8b66e6195', '2024-01-16'),
('d77d7a6c-123d-43ab-9e7d-53d494b28a2c', 37, 'Penyisihan', 'cf7b19d4-a8b1-4a4b-a505-8a70f5298002', 'f6055ec8-8724-4a9e-92fa-15ac7a0075aa', '2024-01-16'),
('dfe204e8-e172-474d-9d78-136550e7fcaa', 38, 'Penyisihan', '84855134-8a16-485c-a6c9-3c56c4212bb3', 'fab08335-00da-4c43-bb91-77045a543555', '2024-01-16'),
('e07972d5-2c82-4f26-a624-16ee59383bf0', 28, 'Penyisihan', '8da604b6-fe0f-4efa-b40c-da5f96408c12', 'f47cb64b-7df1-47af-8edb-97737d8e7fe1', '2024-01-16'),
('ea19e823-e94d-4808-ad0d-1e65278084ae', 39, 'Penyisihan', 'd9558b7c-2629-49fd-a6e0-9cb19197a4dd', '28634827-8a0c-4ea0-b61a-423418d582ea', '2024-01-16'),
('ed08708b-aacf-4374-95d4-c760e14612ec', 40, 'Penyisihan', 'fc5399e5-128c-4ce7-a028-d4ccf1058f09', 'e6b48aab-0546-4035-918a-6b02eb5f34d7', '2024-01-16'),
('f127058c-69b5-4c78-a553-41cabcc50c7b', 27, 'Penyisihan', '34ca16bb-3937-4d68-bec9-4ef1dcd06340', '22fb1763-71c9-4474-a345-0e5fdba84ef4', '2024-01-16'),
('f5901665-733b-415c-aa34-d0bb621af181', 21, 'Penyisihan', 'a1d62779-e810-4fc5-95d6-4932539131f8', '2e0342b7-ea1b-41ef-87ce-221fbc0aa854', '2024-01-16');

-- --------------------------------------------------------

--
-- Table structure for table `peserta`
--

CREATE TABLE `peserta` (
  `id_peserta` varchar(100) NOT NULL,
  `kategori` enum('USIA DINI','PRA REMAJA','REMAJA','DEWASA') NOT NULL,
  `kontingen` text NOT NULL,
  `nama` varchar(100) NOT NULL,
  `tgl` date NOT NULL,
  `jkl` enum('Laki-laki','Perempuan') NOT NULL,
  `kelas` varchar(10) NOT NULL,
  `berat` int(11) NOT NULL,
  `pelatih` varchar(100) NOT NULL,
  `hp` int(20) NOT NULL,
  `foto` varchar(100) NOT NULL
) ENGINE=InnoDB DEFAULT CHARSET=utf8mb4 COLLATE=utf8mb4_general_ci;

--
-- Dumping data for table `peserta`
--

INSERT INTO `peserta` (`id_peserta`, `kategori`, `kontingen`, `nama`, `tgl`, `jkl`, `kelas`, `berat`, `pelatih`, `hp`, `foto`) VALUES
('00dc0d61-1272-4e7f-a9d1-8320eefd70c2', 'REMAJA', 'ASADUL MA\'HAD', 'A DAVID SYA\'BANI', '0000-00-00', 'Laki-laki', 'E', 0, 'FARUQ AR - ROZI', 223, ''),
('010f7664-612a-4ebb-b1b2-974a0472ef16', 'PRA REMAJA', 'DEATH ANGEL', 'ADIB ARROYAN', '0000-00-00', 'Laki-laki', 'D', 0, 'ARIF AUFANI', 104, ''),
('01474222-df6a-4f72-90b9-6dbbe38933ab', 'USIA DINI', 'LORD ANGEL', 'HAMDANI', '0000-00-00', 'Laki-laki', 'B', 0, 'TASLIM AHMAD H Y ', 15, ''),
('01e0e6e7-3678-4cf0-9145-59f4e16bf617', 'REMAJA', 'DEATH ANGEL', 'RIYAN ANDRIANSYAH', '0000-00-00', 'Laki-laki', 'D', 0, 'ARIF AUFANI', 204, ''),
('02daf687-8543-4ea5-a4b7-7b589c35b1dc', 'REMAJA', 'RUHUL KIFAHI', 'DANIL GHUFRON YAUMI', '0000-00-00', 'Laki-laki', 'D', 0, 'SYARIF HIDAYATULLAH', 207, ''),
('0305ec8e-5d1f-4189-8cc0-a3cb9ed472a2', 'REMAJA', 'ASADUL MA\'HAD', 'ANDIKRI ROBBI', '0000-00-00', 'Laki-laki', 'B', 0, 'FARUQ AR - ROZI', 172, ''),
('034b2dd3-b3f6-4a73-85e8-4284ce48332e', 'REMAJA', 'HATI SUCI', 'HASBI AS SIDDIQI', '0000-00-00', 'Laki-laki', 'A', 0, 'ALIF HAFIS', 153, ''),
('03e8d72b-bcd8-4490-8cc6-168ea7430aae', 'PRA REMAJA', 'PUTRA MAFIA', 'NAZRIL ILHAM R', '0000-00-00', 'Laki-laki', 'A', 0, 'MOH ALI IMRON', 57, ''),
('04552975-17e3-44c8-a93a-b5a1421ab234', 'REMAJA', 'LOKA JAYA', 'M HOSEN ZAINAL', '0000-00-00', 'Laki-laki', 'C', 0, 'NURUL HIDAYAT', 198, ''),
('05103f5d-118b-46fd-988b-5040a23b739d', 'REMAJA', 'ASADUL MA\'HAD', 'A FARHAN RAMDHANI', '0000-00-00', 'Laki-laki', 'A', 0, 'FARUQ AR - ROZI', 160, ''),
('053f1c7e-041b-4b72-a035-952e88e4624b', 'USIA DINI', 'LORD ANGEL', 'FURQON AL FARISI', '0000-00-00', 'Laki-laki', 'D', 0, 'TASLIM AHMAD H Y ', 38, ''),
('0587414e-fe55-4051-96f1-337a64052668', 'PRA REMAJA', 'DEATH ANGEL', 'FRENDI DIKA SAPUTRA', '0000-00-00', 'Laki-laki', 'E', 0, 'ARIF AUFANI', 123, ''),
('06dff7e7-503d-4c67-9b5c-ed52f1b54261', 'PRA REMAJA', 'PUTRA MAFIA', 'AINUR RIFQI', '0000-00-00', 'Laki-laki', 'A', 0, 'MOH ALI IMRON', 61, ''),
('0738a307-4a18-46cb-baa5-2fb0e7661c81', 'USIA DINI', 'HATI SUCI ', 'RAHMAD NUSA DARMAWAN', '0000-00-00', 'Laki-laki', 'C', 0, 'ALIF HAFIS', 33, ''),
('089e79e4-f1bd-40c8-912d-95c5c9a7f905', 'REMAJA', 'DEATH ANGEL', 'M ALI IMRON', '0000-00-00', 'Laki-laki', 'A', 0, 'ARIF AUFANI', 155, ''),
('08b81ea0-752a-46f7-a595-57700f974884', 'USIA DINI', 'LORD ANGEL', 'ZAINAL ABIDIN', '0000-00-00', 'Laki-laki', 'F', 0, 'TASLIM AHMAD H Y ', 47, ''),
('090f95b6-336f-4e82-8afd-44ec65288e1a', 'PRA REMAJA', 'LOKA JAYA', 'M EKA RAMADHANI', '0000-00-00', 'Laki-laki', 'C', 0, 'NURUL HIDAYAT', 101, ''),
('0915fcaf-40b2-49f8-8b5c-3433a6a00294', 'REMAJA', 'ASADUL MA\'HAD', 'HAWIN FAREL', '0000-00-00', 'Laki-laki', 'F', 0, 'FARUQ AR - ROZI', 238, ''),
('0a208890-3d03-41d0-8410-caa564be46c4', 'REMAJA', 'LOKA JAYA', 'M. RISKY', '0000-00-00', 'Laki-laki', 'A', 0, 'NURUL HIDAYAT', 162, ''),
('0a297471-423c-41f6-b31d-bab7d6a55a7a', 'USIA DINI', 'HATI SUCI', 'A. SOBARUDDIN', '0000-00-00', 'Laki-laki', 'A', 0, 'ALIF HAFIS', 12, ''),
('0d56aa70-3ab7-4763-a0ad-e3a527d36d00', 'REMAJA', 'LORD ANGEL', 'FATIN AN NICO', '0000-00-00', 'Laki-laki', 'F', 0, 'TASLIM AHMAD H Y ', 225, ''),
('0e12190f-aeae-4120-98fb-2e1e5891f6d8', 'REMAJA', 'DEATH ANGEL', 'M ALEX HIDAYATULLAH', '0000-00-00', 'Laki-laki', 'C', 0, 'ARIF AUFANI', 182, ''),
('0e4f3aa6-6c07-4d52-862c-4f4049142eaf', 'PRA REMAJA', 'PUTRA MAFIA', 'A RISKY DWI PUTRA', '0000-00-00', 'Laki-laki', 'D', 0, 'MOH ALI IMRON', 106, ''),
('0f4b89f8-fb66-46fe-aaa9-e7f91c0c39e8', 'PRA REMAJA', 'PUTRA MAFIA', 'MUH FIKRI', '0000-00-00', 'Laki-laki', 'D', 0, 'MOH ALI IMRON', 110, ''),
('1230b257-c5c4-4492-949f-4042600d962e', 'USIA DINI', 'HATI SUCI ', 'M ULUL ARHAM', '0000-00-00', 'Laki-laki', 'C', 0, 'ALIF HAFIS', 29, ''),
('12903ec2-e8d5-47ff-8724-da8a04ae6026', 'PRA REMAJA', 'PUTRA MAFIA', 'A ZAINUDDIN BAGIR', '0000-00-00', 'Laki-laki', 'F', 0, 'MOH ALI IMRON', 141, ''),
('12b288ca-27d8-4542-a7f8-086cebb41353', 'PRA REMAJA', 'RUHUL KIFAHI', 'FADLUR ROHMAN ALIM', '0000-00-00', 'Laki-laki', 'E', 0, 'SYARIF HIDAYATULLAH', 129, ''),
('147175b9-4695-4b52-b118-562e292ae7da', 'REMAJA', 'RUHUL KIFAHI', 'M LUTFI', '0000-00-00', 'Laki-laki', 'A', 0, 'SYARIF HIDAYATULLAH', 158, ''),
('15159687-1468-4718-9139-395bfbfb1053', 'REMAJA', 'LOKA JAYA', 'A ALDZI PUTRA ', '0000-00-00', 'Laki-laki', 'E', 0, 'NURUL HIDAYAT', 224, ''),
('154cd989-6e50-4145-8c3c-c884fe0cb946', 'PRA REMAJA', 'TAFDAH', 'MOH WILDAN MAULANA', '0000-00-00', 'Laki-laki', 'C', 0, 'ABDULLAH MUNIR', 83, ''),
('16d1dc39-3e2e-46a3-830e-96d1667d8e4f', 'REMAJA', 'DEATH ANGEL', 'M EFENDI', '0000-00-00', 'Laki-laki', 'C', 0, 'ARIF AUFANI', 177, ''),
('16eff819-75e6-4a72-8773-49c205b7c714', 'REMAJA', 'RUHUL KIFAHI', 'A RIDWAN', '0000-00-00', 'Laki-laki', 'E', 0, 'SYARIF HIDAYATULLAH', 222, ''),
('172b3a14-f0ae-4df3-bfd6-3798b22b2ab2', 'PRA REMAJA', 'RUHUL KIFAHI', 'ZAINFUDDIN', '0000-00-00', 'Laki-laki', 'D', 0, 'SYARIF HIDAYATULLAH', 111, ''),
('19108c69-f3a3-49b9-90b5-d52f514f4f6f', 'USIA DINI', 'HATI SUCI', 'ZILDAN ARHAMI', '0000-00-00', 'Laki-laki', 'D', 0, 'ALIF HAFIS', 41, ''),
('19ebff81-b354-4485-8be2-10c2205034ae', 'REMAJA', 'DEATH ANGEL', 'FABI FAHRUDDIN', '0000-00-00', 'Laki-laki', 'A', 0, 'ARIF AUFANI', 156, ''),
('19f8ce9b-d306-4095-8051-a899c9028253', 'REMAJA', 'DEATH ANGEL', 'ABDUL MULUK', '0000-00-00', 'Laki-laki', 'D', 0, 'ARIF AUFANI', 206, ''),
('1b4a6016-0fbe-43eb-ba6c-f76e3c008b04', 'REMAJA', 'DEATH ANGEL', 'SUBAT ALMUKHLASIN', '0000-00-00', 'Laki-laki', 'F', 0, 'ARIF AUFANI', 231, ''),
('1ca10ec7-76e2-4a78-aac7-f48380588d1f', 'PRA REMAJA', 'DEATH ANGEL', 'ALFAN NI\'AM', '0000-00-00', 'Laki-laki', 'D', 0, 'ARIF AUFANI', 105, ''),
('20273fc4-21f3-4783-bd94-3373ae1da9a9', 'PRA REMAJA', 'PUTRA MAFIA', 'M ALFAZHANI ARYA', '0000-00-00', 'Laki-laki', 'B', 0, 'MOH ALI IMRON', 70, ''),
('22fb1763-71c9-4474-a345-0e5fdba84ef4', 'REMAJA', 'LOKA JAYA', 'DONI SANTA FEBRURI', '0000-00-00', 'Laki-laki', 'C', 0, 'NURUL HIDAYAT', 199, ''),
('23c25ec4-f527-40f8-aec6-0f5b53025244', 'PRA REMAJA', 'DEATH ANGEL', 'M LEVI FEBRIANI', '0000-00-00', 'Laki-laki', 'F', 0, 'ARIF AUFANI', 137, ''),
('25ea6c1d-af38-4200-9ef1-2ffac5d93e15', 'REMAJA', 'HATI SUCI', 'M SHOLEHUDDIN', '0000-00-00', 'Laki-laki', 'B', 0, 'ALIF HAFIS', 165, ''),
('2654f75a-aee7-413a-9121-b169d54d0d97', 'PRA REMAJA', 'PUTRA MAFIA', 'DAVIN NAUVAL', '0000-00-00', 'Laki-laki', 'D', 0, 'MOH ALI IMRON', 109, ''),
('271abc68-c632-4246-bbef-de123b2740c7', 'PRA REMAJA', 'PUTRA MAFIA', 'DANI ANGGA S', '0000-00-00', 'Laki-laki', 'C', 0, 'MOH ALI IMRON', 92, ''),
('282d9587-47e2-4127-bfb9-ee2a7b5b6670', 'PRA REMAJA', 'DEATH ANGEL', 'M NOVANDA AIDIL A', '0000-00-00', 'Laki-laki', 'A', 0, 'ARIF AUFANI', 56, ''),
('28634827-8a0c-4ea0-b61a-423418d582ea', 'PRA REMAJA', 'TAFDAH', 'MOH ARIF RAMADAN', '0000-00-00', 'Laki-laki', 'B', 0, 'ABDULLAH MUNIR', 66, ''),
('2907c49f-e1b5-45ce-bdb8-3aa300a74ba5', 'PRA REMAJA', 'DEATH ANGEL', 'ANDRE FEBRIANSYAH', '0000-00-00', 'Laki-laki', 'F', 0, 'ARIF AUFANI', 139, ''),
('2b96830d-37a3-4c73-b645-2319457d938e', 'USIA DINI', 'HATI SUCI', 'ALVIAN EQI SYAPUTRA', '0000-00-00', 'Laki-laki', 'B', 0, 'ALIF HAFIS', 23, ''),
('2e0342b7-ea1b-41ef-87ce-221fbc0aa854', 'REMAJA', 'HATI SUCI', 'A GHOFIRI KAMAL', '0000-00-00', 'Laki-laki', 'C', 0, 'ALIF HAFIS', 176, ''),
('2e91db2a-2c68-4a65-9a6a-2d120f3df3a0', 'PRA REMAJA', 'ASADUL MA\'HAD', 'DAVA PUTRA PRATAMA', '0000-00-00', 'Laki-laki', 'D', 0, 'FARUQ AR - ROZI', 113, ''),
('314b448c-39c1-4fc9-bd02-62515ebfa171', 'USIA DINI', 'HATI SUCI', 'KHOIRUL AZZAM', '0000-00-00', 'Laki-laki', 'A', 0, 'ALIF HAFIS', 8, ''),
('335984a1-5e5a-49be-8cfa-eb648e0cc515', 'PRA REMAJA', 'PUTRA MAFIA', 'BILLY CHANDRA S', '0000-00-00', 'Laki-laki', 'B', 0, 'MOH ALI IMRON', 77, ''),
('33dc7116-cc68-47b3-930c-02ec86915741', 'REMAJA', 'HATI SUCI', 'SULTON AGUNG', '0000-00-00', 'Laki-laki', 'B', 0, 'ALIF HAFIS', 164, ''),
('3404fdd7-0793-4ad6-8357-a66b56f88952', 'USIA DINI', 'LORD ANGEL', 'AZMI ALFARO', '0000-00-00', 'Laki-laki', 'C', 0, 'TASLIM AHMAD H Y ', 26, ''),
('34ca16bb-3937-4d68-bec9-4ef1dcd06340', 'REMAJA', 'DEATH ANGEL', 'SULTAN FASA ', '0000-00-00', 'Laki-laki', 'C', 0, 'ARIF AUFANI', 180, ''),
('37c7043b-91d4-4e9c-96f3-8038c2dfa18c', 'PRA REMAJA', 'PUTRA MAFIA', 'A SYAMSUL ARIFIN', '0000-00-00', 'Laki-laki', 'C', 0, 'MOH ALI IMRON', 87, ''),
('38c26e86-381d-4c63-9c29-0e9ed0674347', 'REMAJA', 'RUHUL KIFAHI', 'ADI PUTRA', '0000-00-00', 'Laki-laki', 'D', 0, 'SYARIF HIDAYATULLAH', 208, ''),
('3916fce7-2d2f-4de0-8245-4ddcd590ed54', 'PRA REMAJA', 'PUTRA MAFIA', 'RAMDHANI FATTAH', '0000-00-00', 'Laki-laki', 'B', 0, 'MOH ALI IMRON', 73, ''),
('3afb54a2-4978-4144-8479-8ada021a05dd', 'REMAJA', 'DEATH ANGEL', 'M NABIL', '0000-00-00', 'Laki-laki', 'C', 0, 'ARIF AUFANI', 178, ''),
('3b7eecfc-e856-4d3f-bfe1-30d898fbcd68', 'REMAJA', 'DEATH ANGEL', 'ABDURRAHMAN', '0000-00-00', 'Laki-laki', 'F', 0, 'ARIF AUFANI', 230, ''),
('3df4c733-7693-4400-888e-ec02f4d7e846', 'PRA REMAJA', 'RUHUL KIFAHI', 'MOH IGFIR SYAHRUL', '0000-00-00', 'Laki-laki', 'E', 0, 'SYARIF HIDAYATULLAH', 128, ''),
('3f615311-ac51-4384-9aa5-f9697d01bde6', 'PRA REMAJA', 'LOKA JAYA', 'JEKY AULIA FIRDAUS', '0000-00-00', 'Laki-laki', 'E', 0, 'NURUL HIDAYAT', 131, ''),
('4023443a-828e-4e14-8df8-cec6a66cf111', 'USIA DINI', 'HATI SUCI ', 'KHOIRUL NIDZAM', '0000-00-00', 'Laki-laki', 'C', 0, 'ALIF HAFIS', 28, ''),
('4425ca24-f0d0-4889-8054-8a8b73bdd877', 'REMAJA', 'HATI SUCI', 'ZIDNI RISQON A', '0000-00-00', 'Laki-laki', 'F', 0, 'ALIF HAFIS', 227, ''),
('452442f2-0542-481b-94cd-7438b68a34c3', 'USIA DINI', 'HATI SUCI', 'RAFI AHMAD', '0000-00-00', 'Laki-laki', 'B', 0, 'ALIF HAFIS', 22, ''),
('464a522d-b32c-45b8-acfd-6818eba8f4e0', 'REMAJA', 'DEATH ANGEL', 'A FAUZAN', '0000-00-00', 'Laki-laki', 'B', 0, 'ARIF AUFANI', 168, ''),
('470555a1-9e64-4039-b2df-b433713ef7d9', 'PRA REMAJA', 'LOKA JAYA', 'MUSYAFA ABDUL GHOFFAR', '0000-00-00', 'Laki-laki', 'D', 0, 'NURUL HIDAYAT', 117, ''),
('4c187f29-af9a-4937-91fd-0b31d4d75b79', 'USIA DINI', 'HATI SUCI', 'A RAMADANI SYAPUTRA', '0000-00-00', 'Laki-laki', 'E', 0, 'ALIF HAFIS', 44, ''),
('4d3b25cb-f3ea-4c35-9c82-4dd40a9f6dc6', 'PRA REMAJA', 'DEATH ANGEL', 'LUKMAN FEBRIANTO', '0000-00-00', 'Laki-laki', 'E', 0, 'ARIF AUFANI', 121, ''),
('4e03510b-1793-48b6-b1af-6f3a8cdafa90', 'REMAJA', 'ASADUL MA\'HAD', 'BUSRO MUQODDAS', '0000-00-00', 'Laki-laki', 'C', 0, 'FARUQ AR - ROZI', 195, ''),
('4e86e3cc-b2de-4ce3-a052-21e47a880d13', 'REMAJA', 'RUHUL KIFAHI', 'SAHRUL FITRIANDI', '0000-00-00', 'Laki-laki', 'F', 0, 'SYARIF HIDAYATULLAH', 234, ''),
('512c60e6-f57b-440d-bcc7-9c601ed131c9', 'REMAJA', 'RUHUL KIFAHI', 'ABDUL KARIM AMRULLAH', '0000-00-00', 'Laki-laki', 'A', 0, 'SYARIF HIDAYATULLAH', 159, ''),
('531e1450-326f-476e-ab8a-ff71d0d49ff9', 'PRA REMAJA', 'PUTRA MAFIA', 'RAKA ARIS SERDIANTO', '0000-00-00', 'Laki-laki', 'F', 0, 'MOH ALI IMRON', 142, ''),
('53cf6b08-aaab-47b4-992d-b0e1338e9720', 'REMAJA', 'ASADUL MA\'HAD', 'FEBRIAN ADINATA', '0000-00-00', 'Laki-laki', 'B', 0, 'FARUQ AR - ROZI', 171, ''),
('55753637-757b-455d-9fde-31ccecb9f831', 'PRA REMAJA', 'ASADUL MA\'HAD', 'M MISBAHUL KHOIRI', '0000-00-00', 'Laki-laki', 'F', 0, 'FARUQ AR - ROZI', 150, ''),
('56539bd9-0f6d-4d36-b17b-804a32fd5b88', 'REMAJA', 'ASADUL MA\'HAD', 'M FAD REZA', '0000-00-00', 'Laki-laki', 'C', 0, 'FARUQ AR - ROZI', 194, ''),
('565cfe7a-f751-4e83-a5a4-b7c827f5a866', 'PRA REMAJA', 'LOKA JAYA', 'IRFAN ROSIDI', '0000-00-00', 'Laki-laki', 'C', 0, 'NURUL HIDAYAT', 98, ''),
('5951d42d-602e-4bc5-83ee-20a755c2ac52', 'PRA REMAJA', 'TAFDAH', 'FAZA SYAHRUL MUBAROK', '0000-00-00', 'Laki-laki', 'E', 0, 'MOH ALI IMRON', 119, ''),
('59d42062-9564-4d70-b691-e922c025c4f7', 'USIA DINI', 'HATI SUCI', 'NOVAL ABDUL MALIK', '0000-00-00', 'Laki-laki', 'B', 0, 'ALIF HAFIS', 24, ''),
('5be402f2-1d1e-4c19-a198-52cbb72e24fd', 'REMAJA', 'TAFDAH', 'A SYARIF HIDAYATULLAH', '0000-00-00', 'Laki-laki', 'A', 0, 'ABDULLAH MUNIR', 154, ''),
('5c528701-5e2c-4f2a-9aca-8683148b0c5c', 'REMAJA', 'RUHUL KIFAHI', 'AHMAD SUBAIRI', '0000-00-00', 'Laki-laki', 'C', 0, 'SYARIF HIDAYATULLAH', 192, ''),
('5c62114f-6a78-4ce8-9cb8-67f8fbd1d4d6', 'REMAJA', 'RUHUL KIFAHI', 'M ERVAN', '0000-00-00', 'Laki-laki', 'C', 0, 'SYARIF HIDAYATULLAH', 189, ''),
('5c7a6b20-59b4-4792-8382-1e22c2faa527', 'PRA REMAJA', 'PUTRA MAFIA', 'RONI DWI PRASETYO', '0000-00-00', 'Laki-laki', 'C', 0, 'MOH ALI IMRON', 93, ''),
('5ce9e916-d36b-41a6-b9fd-3387fcc0386a', 'REMAJA', 'LOKA JAYA', 'FAIZ FANRESKI', '0000-00-00', 'Laki-laki', 'D', 0, 'NURUL HIDAYAT', 217, ''),
('5d7cf812-c066-435b-a4ce-58720043e225', 'REMAJA', 'ASADUL MA\'HAD', 'A FARIS', '0000-00-00', 'Laki-laki', 'F', 0, 'FARUQ AR - ROZI', 239, ''),
('5fbe8767-e696-4acd-bdbf-a31d5ee86503', 'PRA REMAJA', 'LOKA JAYA', 'M HAFID', '0000-00-00', 'Laki-laki', 'D', 0, 'NURUL HIDAYAT', 115, ''),
('6193e985-6e61-4fdc-b361-c6aaadd21153', 'PRA REMAJA', 'PUTRA MAFIA', 'M DHIYAUL HAQ', '0000-00-00', 'Laki-laki', 'C', 0, 'MOH ALI IMRON', 91, ''),
('62338b2e-de3e-4ab1-8762-2ff17a9f2f68', 'REMAJA', 'LOKA JAYA', 'IWAN BUDIANTO', '0000-00-00', 'Laki-laki', 'B', 0, 'NURUL HIDAYAT', 174, ''),
('6332a322-edce-4b3e-a22a-e370c3315b1d', 'REMAJA', 'LOKA JAYA', 'SYAHRIL AGUNG', '0000-00-00', 'Laki-laki', 'F', 0, 'NURUL HIDAYAT', 240, ''),
('66b3c6bc-dff4-4afe-8fe7-40b6b2ae66cc', 'USIA DINI', 'HATI SUCI', 'NUR FAHRI FEBRIANTO', '0000-00-00', 'Laki-laki', 'B', 0, 'ALIF HAFIS', 21, ''),
('66c61a8d-2870-4244-8372-68840526ea89', 'PRA REMAJA', 'LOKA JAYA', 'RAMDHAN ZIDQI H', '0000-00-00', 'Laki-laki', 'F', 0, 'NURUL HIDAYAT', 151, ''),
('6717ef3a-bee0-4a6f-88e6-ed8ecf6b6068', 'PRA REMAJA', 'RUHUL KIFAHI', 'ILHAM RAMADHANI', '0000-00-00', 'Laki-laki', 'F', 0, 'SYARIF HIDAYATULLAH', 146, ''),
('68bfafc5-1622-4aea-96b1-dc5f75e2a12c', 'USIA DINI', 'LORD ANGEL', 'MIFTAHUL HIDAYAH', '0000-00-00', 'Laki-laki', 'D', 0, 'TASLIM AHMAD H Y ', 34, ''),
('6b932f48-b507-4915-a6c5-547d1c1b9cbb', 'PRA REMAJA', 'LOKA JAYA', 'M NURUL AMIN', '0000-00-00', 'Laki-laki', 'E', 0, 'NURUL HIDAYAT', 132, ''),
('6c1018bb-4358-4616-9b88-f1452a9a5f77', 'PRA REMAJA', 'TAFDAH', 'MOH ROIHAN SODIQIN', '0000-00-00', 'Laki-laki', 'C', 0, 'ABDULLAH MUNIR', 84, ''),
('6d21e4c3-9c47-4c81-b189-86732013f4de', 'PRA REMAJA', 'DEATH ANGEL', 'ZAINAL ABIDIN', '0000-00-00', 'Laki-laki', 'D', 0, 'ARIF AUFANI', 103, ''),
('6d453321-54be-4892-bf01-fa748e1c9be1', 'REMAJA', 'DEATH ANGEL', 'ZAINAL ABIDIN', '0000-00-00', 'Laki-laki', 'E', 0, 'ARIF AUFANI', 220, ''),
('6dc3f6f3-0ac4-4fa9-b40a-7fb450895b03', 'PRA REMAJA', 'LOKA JAYA', 'FAIRUS DHIYAUL HAQ', '0000-00-00', 'Laki-laki', 'D', 0, 'NURUL HIDAYAT', 116, ''),
('6e6fea1f-199c-4bd3-89ab-077156b71995', 'PRA REMAJA', 'PUTRA MAFIA', 'HAWWIL HALANA', '0000-00-00', 'Laki-laki', 'C', 0, 'MOH ALI IMRON', 86, ''),
('6fbc32a0-d758-48c9-a37c-ee075865486a', 'REMAJA', 'ASADUL MA\'HAD', 'WILDAN ZAKY', '0000-00-00', 'Laki-laki', 'D', 0, 'FARUQ AR - ROZI', 214, ''),
('707bfbb3-1ddc-4f1d-84b4-8757364d2984', 'USIA DINI', 'HATI SUCI', 'NURUL HUDA', '0000-00-00', 'Laki-laki', 'A', 0, 'ALIF HAFIS', 10, ''),
('71121214-f867-4377-b9ad-cbab950dea25', 'PRA REMAJA', 'PUTRA MAFIA', 'FAHMI ASRORI ', '0000-00-00', 'Laki-laki', 'D', 0, 'MOH ALI IMRON', 107, ''),
('7151f28b-24e6-42ef-88d3-515df3868b0a', 'REMAJA', 'HATI SUCI', 'KHOIRURRAHMAN', '0000-00-00', 'Laki-laki', 'E', 0, 'ALIF HAFIS', 218, ''),
('722acd5a-107c-4e38-ae19-ccb8aa6299ac', 'USIA DINI', 'HATI SUCI', 'M TRI SYA\'BANA', '0000-00-00', 'Laki-laki', 'D', 0, 'ALIF HAFIS', 42, ''),
('727fb8d9-3a35-4f4e-86de-b88b1b97aec7', 'PRA REMAJA', 'ASADUL MA\'HAD', 'M YUSRIL HIKAM', '0000-00-00', 'Laki-laki', 'C', 0, 'FARUQ AR - ROZI', 96, ''),
('7303f628-1705-45f5-b2c2-d9cb40e99811', 'USIA DINI', 'HATI SUCI ', 'M FAUZUL FAHMI', '0000-00-00', 'Laki-laki', 'C', 0, 'ALIF HAFIS', 30, ''),
('73dd24a3-f5b5-49d6-a3d4-a9cdbc481201', 'REMAJA', 'RUHUL KIFAHI', 'M ROBET', '0000-00-00', 'Laki-laki', 'C', 0, 'SYARIF HIDAYATULLAH', 190, ''),
('7493b127-6c40-4f0f-84e9-c8feaadd8de7', 'PRA REMAJA', 'PUTRA MAFIA', 'ALFIAN ZAINAL ARIFIN', '0000-00-00', 'Laki-laki', 'B', 0, 'MOH ALI IMRON', 72, ''),
('770c1fdb-ab79-4ca4-a565-8948458c216a', 'REMAJA', 'TAFDAH', 'FARIS ROZAN M Z', '0000-00-00', 'Laki-laki', 'F', 0, 'ABDULLAH MUNIR', 228, ''),
('77f3f756-64f8-4ba8-808b-6b0c2615ad25', 'PRA REMAJA', 'PUTRA MAFIA', 'AINUR ROFIK', '0000-00-00', 'Laki-laki', 'B', 0, 'MOH ALI IMRON', 78, ''),
('78985c95-a83e-4347-ac53-428e41f55a8e', 'PRA REMAJA', 'TAFDAH', 'M HAFIFI ULIN', '0000-00-00', 'Laki-laki', 'A', 0, 'ABDULLAH MUNIR', 53, ''),
('79f2ecc6-18a0-442c-b1dc-8a38e14a18dd', 'PRA REMAJA', 'TAFDAH', 'ANDIKA PUTRA', '0000-00-00', 'Laki-laki', 'E', 0, 'MOH ALI IMRON', 120, ''),
('7a0d6d35-e823-4c93-85f2-9e425c33c0ef', 'USIA DINI', 'HATI SUCI', 'M ZAENE', '0000-00-00', 'Laki-laki', 'B', 0, 'ALIF HAFIS', 25, ''),
('7d4bbf5b-4380-43c0-b537-0ffb41168895', 'PRA REMAJA', 'TAFDAH', 'A REZA ZAKARIA', '0000-00-00', 'Laki-laki', 'F', 0, 'ABDULLAH MUNIR', 136, ''),
('7dfca821-6b01-49da-8ec1-960f8291b36f', 'PRA REMAJA', 'ASADUL MA\'HAD', 'ROIHANUL MUSLIM', '0000-00-00', 'Laki-laki', 'F', 0, 'FARUQ AR - ROZI', 149, ''),
('7e93450d-4fd2-47b8-b7f7-92fdb9484432', 'REMAJA', 'DEATH ANGEL', 'M FAROBI', '0000-00-00', 'Laki-laki', 'C', 0, 'ARIF AUFANI', 183, ''),
('7fa0590f-44a2-48af-a13e-f92b92cd46c1', 'PRA REMAJA', 'PUTRA MAFIA', 'RIFQON ROBBANI', '0000-00-00', 'Laki-laki', 'A', 0, 'MOH ALI IMRON', 58, ''),
('80ad9aaa-da4c-476a-bca4-c5e61758fa32', 'PRA REMAJA', 'TAFDAH', 'FADLIL MUHARROMIN', '0000-00-00', 'Laki-laki', 'D', 0, 'ABDULLAH MUNIR', 102, ''),
('80f66b68-e036-4f9e-b26f-132a2002db4d', 'REMAJA', 'DEATH ANGEL', 'NASRULLAH', '0000-00-00', 'Laki-laki', 'E', 0, 'ARIF AUFANI', 219, ''),
('80f6d52e-8958-4898-9582-3dc33841e189', 'PRA REMAJA', 'TAFDAH', 'M ABDUL QODIR', '0000-00-00', 'Laki-laki', 'B', 0, 'ABDULLAH MUNIR', 65, ''),
('8150f471-b133-421d-ad41-f528c13a43bd', 'REMAJA', 'LORD ANGEL', 'TASLIM AHMAD H Q', '0000-00-00', 'Laki-laki', 'D', 0, 'TASLIM AHMAD H Y ', 200, ''),
('81f7d3de-f3e4-426d-bb04-bdda644233c6', 'PRA REMAJA', 'PUTRA MAFIA', 'AKBAR MAULANA', '0000-00-00', 'Laki-laki', 'D', 0, 'MOH ALI IMRON', 108, ''),
('821de7a6-5945-4cc2-a4ac-bf2d470e146f', 'PRA REMAJA', 'RUHUL KIFAHI', 'AHMADULLAH AFANDI', '0000-00-00', 'Laki-laki', 'E', 0, 'SYARIF HIDAYATULLAH', 127, ''),
('82c473b8-fbdf-4028-906f-0edadf4b6054', 'REMAJA', 'HATI SUCI', 'ALIF HAFIS', '0000-00-00', 'Laki-laki', 'D', 0, 'ALIF HAFIS', 201, ''),
('84855134-8a16-485c-a6c9-3c56c4212bb3', 'PRA REMAJA', 'RUHUL KIFAHI', 'AHMAD DHANI', '0000-00-00', 'Laki-laki', 'B', 0, 'SYARIF HIDAYATULLAH', 79, ''),
('87187706-b925-4fb8-a842-ded7f6663316', 'PRA REMAJA', 'ASADUL MA\'HAD', 'M REVAN EFENDI', '0000-00-00', 'Laki-laki', 'E', 0, 'FARUQ AR - ROZI', 130, ''),
('87b2617d-407d-47f4-950a-abac3edb65ca', 'REMAJA', 'DEATH ANGEL', 'RIDWANULLAH', '0000-00-00', 'Laki-laki', 'C', 0, 'ARIF AUFANI', 181, ''),
('889dad8c-7941-4293-9160-becb4b2b8c95', 'REMAJA', 'DEATH ANGEL', 'ROYHAN BARUNA AHMAD', '0000-00-00', 'Laki-laki', 'C', 0, 'ARIF AUFANI', 184, ''),
('88dbb057-17d1-4f89-9033-3fd8b66e6195', 'PRA REMAJA', 'PUTRA MAFIA', 'M FAYIS GHOZI', '0000-00-00', 'Laki-laki', 'C', 0, 'MOH ALI IMRON', 89, ''),
('892c7496-d1b2-463d-a196-65d435715c49', 'REMAJA', 'DEATH ANGEL', 'AHMAD ILHAM', '0000-00-00', 'Laki-laki', 'A', 0, 'ARIF AUFANI', 157, ''),
('8c4251e0-2cbb-42c5-8466-290c480d9338', 'PRA REMAJA', 'ASADUL MA\'HAD', 'NUR FARIS RAMADHANI', '0000-00-00', 'Laki-laki', 'C', 0, 'FARUQ AR - ROZI', 95, ''),
('8da604b6-fe0f-4efa-b40c-da5f96408c12', 'REMAJA', 'RUHUL KIFAHI', 'RAMA ROMADONA', '0000-00-00', 'Laki-laki', 'C', 0, 'SYARIF HIDAYATULLAH', 191, ''),
('905e3ada-dcd7-4e02-a6a0-0bbae4418f5b', 'PRA REMAJA', 'RUHUL KIFAHI', 'A SAIFUL ISLAM', '0000-00-00', 'Laki-laki', 'F', 0, 'SYARIF HIDAYATULLAH', 148, ''),
('91b2ab03-556a-4b36-a2e8-e2b379c5bf3e', 'USIA DINI', 'LORD ANGEL', 'AHMAD MAULIDI', '0000-00-00', 'Laki-laki', 'B', 0, 'TASLIM AHMAD H Y ', 16, ''),
('91c4d04f-661f-40a6-8458-ef62673a0a31', 'PRA REMAJA', 'RUHUL KIFAHI', 'AZIZIL HAQ', '0000-00-00', 'Laki-laki', 'F', 0, 'SYARIF HIDAYATULLAH', 145, ''),
('934ed5c6-6db6-4280-882a-6ddcf25bde40', 'USIA DINI', 'HATI SUCI ', 'FARIS', '0000-00-00', 'Laki-laki', 'C', 0, 'ALIF HAFIS', 32, ''),
('95aac49a-7494-4357-8425-ac9a64423f4e', 'PRA REMAJA', 'TAFDAH', 'AS\'AD AL ARIFIN', '0000-00-00', 'Laki-laki', 'A', 0, 'ABDULLAH MUNIR', 54, ''),
('95f18de8-350d-4c2e-8d7e-4e589c549943', 'USIA DINI', 'HATI SUCI', 'NANDA RISKI KURNIAWAN', '0000-00-00', 'Laki-laki', 'A', 0, 'ALIF HAFIS', 9, ''),
('96d01bd8-43e3-4a1d-85ef-ab6f113ecd49', 'PRA REMAJA', 'LORD ANGEL', 'MUH ALVIAN', '0000-00-00', 'Laki-laki', 'F', 0, 'TASLIM AHMAD H Y ', 134, ''),
('97323c88-fc8a-4a2f-830e-dbb6f371373c', 'REMAJA', 'LOKA JAYA', 'M SLAMET', '0000-00-00', 'Laki-laki', 'D', 0, 'NURUL HIDAYAT', 215, ''),
('98ed1561-5827-47dd-ab96-97be95320e0b', 'PRA REMAJA', 'PUTRA MAFIA', 'ARDI FAIRUS A', '0000-00-00', 'Laki-laki', 'B', 0, 'MOH ALI IMRON', 75, ''),
('9943202e-448f-43ca-b064-fed8830b7f0e', 'USIA DINI', 'LORD ANGEL', 'ARINAL HAQ', '0000-00-00', 'Laki-laki', 'D', 0, 'TASLIM AHMAD H Y ', 40, ''),
('9b07ca59-da7b-4c3d-be09-178dcec58ceb', 'PRA REMAJA', 'TAFDAH', 'ALFIN NUR HIDAYAT', '0000-00-00', 'Laki-laki', 'B', 0, 'ABDULLAH MUNIR', 63, ''),
('9bc5ad25-af9f-4fb0-97f9-04bd0d029236', 'REMAJA', 'RUHUL KIFAHI', 'ASROFAL IZAZ N M', '0000-00-00', 'Laki-laki', 'D', 0, 'SYARIF HIDAYATULLAH', 210, ''),
('9bf95f27-7589-4afb-a9c0-f7b3eee4effc', 'USIA DINI', 'HATI SUCI', 'RICO FEBRIAN', '0000-00-00', 'Laki-laki', 'A', 0, 'ALIF HAFIS', 14, ''),
('9cba9be3-301a-4b90-957e-4480472244a0', 'PRA REMAJA', 'HATI SUCI', 'KEVIN ARIA PUTRA', '0000-00-00', 'Laki-laki', 'F', 0, 'ALIF HAFIS', 135, ''),
('a0d7cc38-1689-4d8d-8ace-3a8900b4245f', 'REMAJA', 'DEATH ANGEL', 'ANDIN MAFTUH QOLBI', '0000-00-00', 'Laki-laki', 'D', 0, 'ARIF AUFANI', 203, ''),
('a1c488eb-14a4-4c77-9196-5e226d54c7e1', 'REMAJA', 'DEATH ANGEL', 'IZZUL HAQ', '0000-00-00', 'Laki-laki', 'D', 0, 'ARIF AUFANI', 205, ''),
('a1d62779-e810-4fc5-95d6-4932539131f8', 'REMAJA', 'LOKA JAYA', 'A REYHAN FIRDAUSI', '0000-00-00', 'Laki-laki', 'C', 0, 'NURUL HIDAYAT', 197, ''),
('a3c0fd7f-616b-496b-bd9d-9f54b123b483', 'REMAJA', 'TAFDAH', 'HAIKAL AFANDI', '0000-00-00', 'Laki-laki', 'B', 0, 'ABDULLAH MUNIR', 166, ''),
('a67ee66d-7339-46e9-912f-e2cf7dc237ea', 'PRA REMAJA', 'RUHUL KIFAHI', 'IFDOL FUROIHAN', '0000-00-00', 'Laki-laki', 'F', 0, 'SYARIF HIDAYATULLAH', 147, ''),
('a70fea0b-8563-4886-b088-e3ab72178afa', 'USIA DINI', 'HATI SUCI', 'ABDUR FIKRI ROJABI', '0000-00-00', 'Laki-laki', 'E', 0, 'ALIF HAFIS', 45, ''),
('a764470c-9f95-4237-9eed-b5199886de9b', 'PRA REMAJA', 'ASADUL MA\'HAD', 'CHANDRA ALIF S', '0000-00-00', 'Laki-laki', 'C', 0, 'FARUQ AR - ROZI', 94, ''),
('a914c354-9d0b-483b-bd44-07308be6c6e0', 'USIA DINI', 'HATI SUCI', 'SHOHIBUL ULUM', '0000-00-00', 'Laki-laki', 'A', 0, 'ALIF HAFIS', 11, ''),
('abaa43f2-e826-4c8f-aa09-853e5eb47965', 'USIA DINI', 'LORD ANGEL', 'NOVAL AL GHAZI', '0000-00-00', 'Laki-laki', 'E', 0, 'TASLIM AHMAD H Y ', 43, ''),
('af4a74ea-6610-4d96-ac3d-9a44a6f8f25f', 'USIA DINI', 'LORD ANGEL', 'AHMAD HIDAYATULLAH', '0000-00-00', 'Laki-laki', 'D', 0, 'TASLIM AHMAD H Y ', 35, ''),
('af50250f-5aaf-4c09-8743-36f6f15d2d3c', 'PRA REMAJA', 'PUTRA MAFIA', 'ALIF CHOLIDI', '0000-00-00', 'Laki-laki', 'A', 0, 'MOH ALI IMRON', 59, ''),
('b1621446-9d55-4b8c-a79b-1498675b797d', 'USIA DINI', 'HATI SUCI ', 'M IKROMUL MAULA', '0000-00-00', 'Laki-laki', 'C', 0, 'ALIF HAFIS', 31, ''),
('b6ae2dba-f35d-441f-b32e-cecf8dee6de3', 'REMAJA', 'DEATH ANGEL', 'IRGI ZAMRONI', '0000-00-00', 'Laki-laki', 'F', 0, 'ARIF AUFANI', 232, ''),
('b6c5678e-aa7a-46c2-a2d3-a7d9c54c32d9', 'PRA REMAJA', 'TAFDAH', 'MOH RAMZY MAULANA', '0000-00-00', 'Laki-laki', 'E', 0, 'MOH ALI IMRON', 118, ''),
('b6d119a4-2fbc-4775-9110-5746b5db38b7', 'PRA REMAJA', 'TAFDAH', 'ZAINUL MUHAIMIN', '0000-00-00', 'Laki-laki', 'B', 0, 'ABDULLAH MUNIR', 67, ''),
('b6edc767-7f12-4f58-b191-4f4940436a53', 'REMAJA', 'LOKA JAYA', 'NURUL HIDAYAT', '0000-00-00', 'Laki-laki', 'A', 0, 'NURUL HIDAYAT', 161, ''),
('b6f03624-1f59-43fe-a005-b2626cb56952', 'REMAJA', 'DEATH ANGEL', 'M VERY EFENDI', '0000-00-00', 'Laki-laki', 'D', 0, 'ARIF AUFANI', 202, ''),
('b74d010b-a754-4858-af23-430ac4a2c180', 'REMAJA', 'LOKA JAYA', 'FATHUR RIZAL', '0000-00-00', 'Laki-laki', 'D', 0, 'NURUL HIDAYAT', 216, ''),
('b82764e1-0da5-400d-a2ca-2852ba5e5cde', 'REMAJA', 'DEATH ANGEL', 'FIRHAN HADDAD', '0000-00-00', 'Laki-laki', 'C', 0, 'ARIF AUFANI', 179, ''),
('b888c4ef-2599-4c18-9eb7-8f46cdfd1a04', 'PRA REMAJA', 'RUHUL KIFAHI', 'RAFI HAMDANI', '0000-00-00', 'Laki-laki', 'F', 0, 'SYARIF HIDAYATULLAH', 144, ''),
('b9e411fc-9e81-467b-925e-da80b6cdaf33', 'PRA REMAJA', 'LOKA JAYA', 'SAIFUL BAHAR', '0000-00-00', 'Laki-laki', 'C', 0, 'NURUL HIDAYAT', 100, ''),
('ba02fa91-0138-4e34-928d-24eea141d37b', 'PRA REMAJA', 'LOKA JAYA', 'M KHOIRUL ANAM', '0000-00-00', 'Laki-laki', 'C', 0, 'NURUL HIDAYAT', 99, ''),
('ba94bfa5-00f8-4029-ba84-fc4d0cf19b1d', 'REMAJA', 'LOKA JAYA', 'ABDIR RAHMAN FAQIH', '0000-00-00', 'Laki-laki', 'B', 0, 'NURUL HIDAYAT', 173, ''),
('c132ec7e-177b-4a2e-8fff-30c592ed7be7', 'PRA REMAJA', 'PUTRA MAFIA', 'M FAIS', '0000-00-00', 'Laki-laki', 'A', 0, 'MOH ALI IMRON', 60, ''),
('c162d9b9-d4bd-46b2-9c9c-921d8f1b61ca', 'USIA DINI', 'LORD ANGEL', 'RISKI ISHAQ', '0000-00-00', 'Laki-laki', 'B', 0, 'TASLIM AHMAD H Y ', 19, ''),
('c1dbb8aa-a023-4f8a-9cc1-e1eefbf88222', 'PRA REMAJA', 'TAFDAH', 'M ALFIAN DARMAWAN', '0000-00-00', 'Laki-laki', 'C', 0, 'ABDULLAH MUNIR', 85, ''),
('c45cb7d3-8211-41f9-b322-d86ae8519e3e', 'REMAJA', 'DEATH ANGEL', 'ZHILAN DIMAS MAFAZA', '0000-00-00', 'Laki-laki', 'B', 0, 'ARIF AUFANI', 169, ''),
('c53a023b-c8ad-4dd4-8884-9b8ecac39088', 'PRA REMAJA', 'PUTRA MAFIA', 'MOH FAISAL', '0000-00-00', 'Laki-laki', 'C', 0, 'MOH ALI IMRON', 88, ''),
('c541be1e-3a5b-4f91-bd38-af7d9ab656db', 'PRA REMAJA', 'TAFDAH', 'SYAFIQ MAULANA', '0000-00-00', 'Laki-laki', 'A', 0, 'ABDULLAH MUNIR', 50, ''),
('ca3b5dc6-ac23-4fb3-a687-3b4fe4027ba5', 'REMAJA', 'TAFDAH', 'M ALFA REZA', '0000-00-00', 'Laki-laki', 'B', 0, 'ABDULLAH MUNIR', 167, ''),
('cbc3aaf4-e707-4b52-83ed-874d28c7a482', 'PRA REMAJA', 'TAFDAH', 'MOH DEDI ANJARMARA', '0000-00-00', 'Laki-laki', 'A', 0, 'ABDULLAH MUNIR', 49, ''),
('ccaaf4c1-0e3d-4ca4-9fbe-0bf3853d423d', 'PRA REMAJA', 'ASADUL MA\'HAD', 'SYAUQI RAIHAN', '0000-00-00', 'Laki-laki', 'B', 0, 'FARUQ AR - ROZI', 80, ''),
('cd260582-c2bc-4d2a-a033-2fa9530679e7', 'REMAJA', 'ASADUL MA\'HAD', 'M FAREL ', '0000-00-00', 'Laki-laki', 'D', 0, 'FARUQ AR - ROZI', 212, ''),
('cf7b19d4-a8b1-4a4b-a505-8a70f5298002', 'PRA REMAJA', 'DEATH ANGEL', 'M ROMLI', '0000-00-00', 'Laki-laki', 'B', 0, 'ARIF AUFANI', 68, ''),
('cfb38cd8-c37f-4967-aafd-d1a54537cf24', 'REMAJA', 'DEATH ANGEL', 'ALFIN TAUFIQUR RAHMAN', '0000-00-00', 'Laki-laki', 'E', 0, 'ARIF AUFANI', 221, ''),
('d005c105-3936-4101-a437-e2882d6f7a26', 'PRA REMAJA', 'ASADUL MA\'HAD', 'SYAUQIL GHUFRON', '0000-00-00', 'Laki-laki', 'D', 0, 'FARUQ AR - ROZI', 114, ''),
('d032f515-70c4-4f6b-a755-5f72e420901f', 'PRA REMAJA', 'LOKA JAYA', 'AHMAD FAUZI', '0000-00-00', 'Laki-laki', 'F', 0, 'NURUL HIDAYAT', 152, ''),
('d18e430c-e9a5-470f-a4aa-98e47472e156', 'USIA DINI', 'LORD ANGEL', 'WASIL WARASI', '0000-00-00', 'Laki-laki', 'B', 0, 'TASLIM AHMAD H Y ', 18, ''),
('d502082c-ad76-4e37-9e31-b918390229d6', 'REMAJA', 'RUHUL KIFAHI', 'M IRFAN', '0000-00-00', 'Laki-laki', 'D', 0, 'SYARIF HIDAYATULLAH', 211, ''),
('d6ca1073-8dbf-4a2f-94c4-8e48b3fb50c3', 'REMAJA', 'PUTRA MAFIA', 'MOH ALI ILMRON', '0000-00-00', 'Laki-laki', 'C', 0, 'MOH ALI IMRON', 185, ''),
('d7af4587-a348-457d-9763-9a524cbd315a', 'PRA REMAJA', 'DEATH ANGEL', 'ALEX DARUSSALAM', '0000-00-00', 'Laki-laki', 'E', 0, 'ARIF AUFANI', 122, ''),
('d7b25696-2a58-4aef-9013-a810a5d46541', 'REMAJA', 'RUHUL KIFAHI', 'RAIHAN MAULANA', '0000-00-00', 'Laki-laki', 'C', 0, 'SYARIF HIDAYATULLAH', 186, ''),
('d8129ef8-7638-4f6b-9243-63a1cb6c9364', 'REMAJA', 'HATI SUCI', 'CHAIRIL ANWAR', '0000-00-00', 'Laki-laki', 'B', 0, 'ALIF HAFIS', 163, ''),
('d92de7fc-8e03-44ce-8f3c-1b8c4630e24e', 'USIA DINI', 'HATI SUCI', 'FIKRI MUANNIS QOLBI', '0000-00-00', 'Laki-laki', 'A', 0, 'ALIF HAFIS', 13, ''),
('d9558b7c-2629-49fd-a6e0-9cb19197a4dd', 'PRA REMAJA', 'LOKA JAYA', 'ALIF MULKAM HAKIM', '0000-00-00', 'Laki-laki', 'B', 0, 'NURUL HIDAYAT', 81, ''),
('dafcef55-1d9c-482b-b1f3-1ae8fe2a6e6f', 'PRA REMAJA', 'TAFDAH', 'NAILUL MAROMI', '0000-00-00', 'Laki-laki', 'A', 0, 'ABDULLAH MUNIR', 51, ''),
('db13b9c3-0454-4324-91f8-c2249962ed47', 'PRA REMAJA', 'DEATH ANGEL', 'PRANA HARDINA', '0000-00-00', 'Laki-laki', 'F', 0, 'ARIF AUFANI', 138, ''),
('db4079d9-206a-4273-8fc9-892b3c9543f2', 'REMAJA', 'ASADUL MA\'HAD', 'A ILHAM RAMADHANI', '0000-00-00', 'Laki-laki', 'C', 0, 'FARUQ AR - ROZI', 193, ''),
('dbd98428-8e05-42ac-9ad3-ea42953f8490', 'REMAJA', 'LORD ANGEL', 'WAIS AL QORNI', '0000-00-00', 'Laki-laki', 'F', 0, 'TASLIM AHMAD H Y ', 226, ''),
('de5b9b89-5e3d-4b3d-b5be-2740e89e4355', 'USIA DINI', 'HATI SUCI ', 'SYAIFUL RIJAL', '0000-00-00', 'Laki-laki', 'F', 0, 'ALIF HAFIS', 48, ''),
('df86adea-6893-4e83-88e2-651cfb7beb84', 'PRA REMAJA', 'RUHUL KIFAHI', 'MOH HIDYATULLAH', '0000-00-00', 'Laki-laki', 'D', 0, 'SYARIF HIDAYATULLAH', 112, ''),
('e0b257a4-6f37-4923-9d81-e9c27323c6a9', 'PRA REMAJA', 'DEATH ANGEL', 'M NAZRIL ILHAM', '0000-00-00', 'Laki-laki', 'B', 0, 'ARIF AUFANI', 69, ''),
('e2f60a2b-f474-4fde-929c-d4e4dad17f65', 'USIA DINI', 'LORD ANGEL', 'SYARIF HIDAYATULLAH', '0000-00-00', 'Laki-laki', 'C', 0, 'TASLIM AHMAD H Y ', 27, ''),
('e38c789c-d317-4579-b5ca-05610084240b', 'REMAJA', 'DEATH ANGEL', 'M ANGGI ADI PP', '0000-00-00', 'Laki-laki', 'F', 0, 'ARIF AUFANI', 229, ''),
('e41e11ca-2784-40de-aa89-85bf111c17a7', 'USIA DINI', 'HATI SUCI', 'HENDRA EDI SUSANTO', '0000-00-00', 'Laki-laki', 'B', 0, 'ALIF HAFIS', 20, ''),
('e56df2a5-0a2f-4dd8-ba70-e02e4b5b99a8', 'PRA REMAJA', 'PUTRA MAFIA', 'IMAM TRIRMIDZHI ', '0000-00-00', 'Laki-laki', 'E', 0, 'MOH ALI IMRON', 124, ''),
('e6b48aab-0546-4035-918a-6b02eb5f34d7', 'PRA REMAJA', 'TAFDAH', 'AIYUB', '0000-00-00', 'Laki-laki', 'B', 0, 'ABDULLAH MUNIR', 64, ''),
('e9c74262-d622-467e-b421-d3b69dcbc40f', 'PRA REMAJA', 'PUTRA MAFIA', 'CAHYA RISKY SAPUTRA', '0000-00-00', 'Laki-laki', 'E', 0, 'MOH ALI IMRON', 125, ''),
('eb9d0da1-7443-44e7-88ff-7fe1b1179d76', 'USIA DINI', 'LORD ANGEL', 'ABEL ALAUDDIN', '0000-00-00', 'Laki-laki', 'D', 0, 'TASLIM AHMAD H Y ', 36, ''),
('eda2b9c1-c565-44f1-bf44-51378be0a2c7', 'PRA REMAJA', 'PUTRA MAFIA', 'ABDULLAH KHOIRUL AZAM', '0000-00-00', 'Laki-laki', 'C', 0, 'MOH ALI IMRON', 90, ''),
('edd3b8d1-e4ee-41c3-b904-88cddf5961fd', 'USIA DINI', 'LORD ANGEL', 'IRFAN MUZEKKI', '0000-00-00', 'Laki-laki', 'D', 0, 'TASLIM AHMAD H Y ', 39, ''),
('edf6ff7a-48f0-4e7a-a4d9-6da61c83e8ce', 'REMAJA', 'LOKA JAYA', 'M ROFIQ SAHLANA', '0000-00-00', 'Laki-laki', 'B', 0, 'NURUL HIDAYAT', 175, ''),
('ee4b7bde-8f0c-467b-8881-f23966e13082', 'PRA REMAJA', 'PUTRA MAFIA', 'RASYA BASMA ', '0000-00-00', 'Laki-laki', 'B', 0, 'MOH ALI IMRON', 71, ''),
('ef28c9f4-7bd6-415a-9335-5b85f8a8e285', 'REMAJA', 'ASADUL MA\'HAD', 'ROIHAN NUR SAID', '0000-00-00', 'Laki-laki', 'D', 0, 'FARUQ AR - ROZI', 213, ''),
('ef56533a-0a0d-4f0c-bd7c-c2fcada74a53', 'REMAJA', 'DEATH ANGEL', 'AHMAD AFANDI', '0000-00-00', 'Laki-laki', 'B', 0, 'ARIF AUFANI', 170, ''),
('f0006161-3555-4d10-8ebf-747951727d19', 'USIA DINI', 'LORD ANGEL', 'UBAIDILLAH HASAN', '0000-00-00', 'Laki-laki', 'D', 0, 'TASLIM AHMAD H Y ', 37, ''),
('f0e23aa2-58cb-4d87-983f-ea3c7fa689ff', 'PRA REMAJA', 'DEATH ANGEL', 'M IQBAL MAULANA', '0000-00-00', 'Laki-laki', 'A', 0, 'ARIF AUFANI', 55, ''),
('f12b13f1-1cdd-4c4c-b0d1-b712be4444e5', 'PRA REMAJA', 'PUTRA MAFIA', 'FATIR AL FARISI', '0000-00-00', 'Laki-laki', 'F', 0, 'MOH ALI IMRON', 143, ''),
('f2e09cb9-ae65-4f4c-8787-37c78018ef16', 'PRA REMAJA', 'ASADUL MA\'HAD', 'BAYU MAULANA', '0000-00-00', 'Laki-laki', 'C', 0, 'FARUQ AR - ROZI', 97, ''),
('f386452a-010b-4a2a-b376-806eeb83eb4e', 'REMAJA', 'ASADUL MA\'HAD', 'M DHOFIR GHALIH ', '0000-00-00', 'Laki-laki', 'F', 0, 'FARUQ AR - ROZI', 236, ''),
('f4322214-3bfa-4c95-bb63-a18eb136ee26', 'REMAJA', 'DEATH ANGEL', 'A IRFANSYAH', '0000-00-00', 'Laki-laki', 'F', 0, 'ARIF AUFANI', 233, ''),
('f44bc4a2-269e-44dd-991f-f42a9f4d09f6', 'PRA REMAJA', 'LORD ANGEL', 'WAHYU ROSANDI', '0000-00-00', 'Laki-laki', 'F', 0, 'TASLIM AHMAD H Y ', 133, ''),
('f4782f66-ccbe-4d61-80b7-ef6286f8e9a4', 'PRA REMAJA', 'PUTRA MAFIA', 'M ANDRIAN SHOHIB', '0000-00-00', 'Laki-laki', 'E', 0, 'MOH ALI IMRON', 126, ''),
('f47cb64b-7df1-47af-8edb-97737d8e7fe1', 'REMAJA', 'ASADUL MA\'HAD', 'M FARID ROIHAN', '0000-00-00', 'Laki-laki', 'C', 0, 'FARUQ AR - ROZI', 196, ''),
('f492772d-8a62-47d8-9fe2-1f4110ccb4d4', 'PRA REMAJA', 'PUTRA MAFIA', 'AINUN KHOIRIL WAFA', '0000-00-00', 'Laki-laki', 'A', 0, 'MOH ALI IMRON', 62, ''),
('f5747130-9fbe-4c44-9d5a-4901d290a5e1', 'USIA DINI', 'LORD ANGEL', 'SYAUQI BIHAR', '0000-00-00', 'Laki-laki', 'F', 0, 'TASLIM AHMAD H Y ', 46, ''),
('f6055ec8-8724-4a9e-92fa-15ac7a0075aa', 'PRA REMAJA', 'LOKA JAYA', 'AHMAD AZIZI', '0000-00-00', 'Laki-laki', 'B', 0, 'NURUL HIDAYAT', 82, ''),
('f6934492-0532-4bb2-b4b8-80a835e4a005', 'USIA DINI', 'LORD ANGEL', 'AZAM MIRZA', '0000-00-00', 'Laki-laki', 'B', 0, 'TASLIM AHMAD H Y ', 17, ''),
('f8826877-cdaf-4155-b7cc-9b76d8e568ea', 'REMAJA', 'RUHUL KIFAHI', 'RAFI IZAN SABIQ', '0000-00-00', 'Laki-laki', 'D', 0, 'SYARIF HIDAYATULLAH', 209, ''),
('f8b7c89b-54ce-4dbe-8654-eaa5782ca53c', 'REMAJA', 'RUHUL KIFAHI', 'KAMALUN NUR', '0000-00-00', 'Laki-laki', 'C', 0, 'SYARIF HIDAYATULLAH', 188, ''),
('f9ad5288-b7d8-4403-9dda-f2f10877d518', 'REMAJA', 'ASADUL MA\'HAD', 'M MAULANA TSAQIF', '0000-00-00', 'Laki-laki', 'F', 0, 'FARUQ AR - ROZI', 237, ''),
('fab08335-00da-4c43-bb91-77045a543555', 'PRA REMAJA', 'PUTRA MAFIA', 'HASBI ALBAR', '0000-00-00', 'Laki-laki', 'B', 0, 'MOH ALI IMRON', 74, ''),
('fb810d24-e553-4354-a2a0-fb52facd5a14', 'PRA REMAJA', 'TAFDAH', 'ANDIKA PRADANA', '0000-00-00', 'Laki-laki', 'A', 0, 'ABDULLAH MUNIR', 52, ''),
('fc5399e5-128c-4ce7-a028-d4ccf1058f09', 'PRA REMAJA', 'PUTRA MAFIA', 'WILDAN UBAIDILLAH', '0000-00-00', 'Laki-laki', 'B', 0, 'MOH ALI IMRON', 76, ''),
('fecfb0eb-3452-4ffc-b5b2-84dc30947856', 'REMAJA', 'RUHUL KIFAHI', 'SAYYID MUHAMMAD', '0000-00-00', 'Laki-laki', 'C', 0, 'SYARIF HIDAYATULLAH', 187, ''),
('ff931572-ae6d-4c49-b4e6-b68622cf653a', 'REMAJA', 'RUHUL KIFAHI', 'MIFTAHUL FAQIH', '0000-00-00', 'Laki-laki', 'F', 0, 'SYARIF HIDAYATULLAH', 235, ''),
('ffcc39a8-7ef2-488a-ab85-0551297e95bd', 'PRA REMAJA', 'DEATH ANGEL', 'M FAISAL NUR ALI', '0000-00-00', 'Laki-laki', 'F', 0, 'ARIF AUFANI', 140, '');

-- --------------------------------------------------------

--
-- Table structure for table `tanding`
--

CREATE TABLE `tanding` (
  `id_tanding` varchar(100) NOT NULL,
  `id_partai` varchar(100) NOT NULL,
  `wasit` varchar(100) NOT NULL,
  `juri1` varchar(100) NOT NULL,
  `juri2` varchar(100) NOT NULL,
  `juri3` varchar(100) NOT NULL,
  `juri4` varchar(100) NOT NULL,
  `juri5` varchar(100) NOT NULL,
  `status` enum('belum','berjalan','dijeda','selesai') NOT NULL,
  `aktif` enum('N','Y') NOT NULL,
  `gel` int(11) NOT NULL,
  `babak` int(11) NOT NULL
) ENGINE=InnoDB DEFAULT CHARSET=utf8mb4 COLLATE=utf8mb4_general_ci;

--
-- Dumping data for table `tanding`
--

INSERT INTO `tanding` (`id_tanding`, `id_partai`, `wasit`, `juri1`, `juri2`, `juri3`, `juri4`, `juri5`, `status`, `aktif`, `gel`, `babak`) VALUES
('02598eb4-9c75-4e2f-8803-bd373e1cc863', 'dfe204e8-e172-474d-9d78-136550e7fcaa', '538dcb20-bc30-4a2b-a430-556133ffef55', '234f9989-2f78-4642-bb97-7e5e99cc2fee', '93704298-cd07-4d01-ad81-37eb2aa24006', '736508aa-9cdc-4055-8314-9988b4cb824f', '', '', 'selesai', 'N', 1, 0),
('0a51af79-018a-45b0-bc80-466012ce7182', '3f052a9b-58f0-477e-a293-6326db9388b9', '736508aa-9cdc-4055-8314-9988b4cb824f', 'e91e6bee-4207-45dc-bc7f-a741c112838b', 'e399208c-4931-4751-b290-6fe51f8f4458', '234f9989-2f78-4642-bb97-7e5e99cc2fee', '', '', 'selesai', 'N', 1, 0),
('136eba5f-078f-4673-ace6-6e4de2adbfbc', '13bdf01a-a780-4773-a17f-3370f163b626', '736508aa-9cdc-4055-8314-9988b4cb824f', '538dcb20-bc30-4a2b-a430-556133ffef55', '234f9989-2f78-4642-bb97-7e5e99cc2fee', '93704298-cd07-4d01-ad81-37eb2aa24006', '', '', 'selesai', 'N', 1, 0),
('194969d7-0d68-469f-9a22-1f3c99957504', '8c3033a1-986c-45bd-9275-8b7e19966c3a', 'e399208c-4931-4751-b290-6fe51f8f4458', '1b3e0134-4751-47d0-b336-ff0109c188b6', '516aa764-f6f6-4925-9eb9-4aba53ad283c', '2edcfb53-4a78-4103-85ae-2076afe83019', '', '', 'selesai', 'N', 1, 0),
('1ac734b4-7d69-45f1-89d3-e269bb293e50', '34b07f93-b363-444c-9a4d-53b4d196028a', '93704298-cd07-4d01-ad81-37eb2aa24006', '538dcb20-bc30-4a2b-a430-556133ffef55', '6717bd20-cac4-491c-a55e-dfcac8c3b0b5', 'e1ca0783-05ba-4f1a-9206-e1497a4ec065', '', '', 'selesai', 'N', 1, 0),
('237d8e93-2128-4bb6-b2e4-96cc1f4bbd16', 'd77d7a6c-123d-43ab-9e7d-53d494b28a2c', '234f9989-2f78-4642-bb97-7e5e99cc2fee', '93704298-cd07-4d01-ad81-37eb2aa24006', '736508aa-9cdc-4055-8314-9988b4cb824f', '538dcb20-bc30-4a2b-a430-556133ffef55', '', '', 'selesai', 'N', 1, 0),
('246a337b-b0f8-40d0-be07-4160a6ba4b33', '5d46cc78-91ac-4cb6-baae-6e5e9d2466b4', 'e1ca0783-05ba-4f1a-9206-e1497a4ec065', '93704298-cd07-4d01-ad81-37eb2aa24006', '538dcb20-bc30-4a2b-a430-556133ffef55', '6717bd20-cac4-491c-a55e-dfcac8c3b0b5', '', '', 'selesai', 'N', 1, 0),
('3d1ed1d1-2660-4a4c-8bf5-bd64c98333a8', '06a90b48-14b0-4c33-a724-6df0c2299c0b', '538dcb20-bc30-4a2b-a430-556133ffef55', '6717bd20-cac4-491c-a55e-dfcac8c3b0b5', 'e1ca0783-05ba-4f1a-9206-e1497a4ec065', '93704298-cd07-4d01-ad81-37eb2aa24006', '', '', 'berjalan', 'Y', 1, 1),
('3f7f3573-91a0-4281-a852-fee2d7726cae', '6864eab9-899e-4178-9784-fa1221a04278', '234f9989-2f78-4642-bb97-7e5e99cc2fee', '736508aa-9cdc-4055-8314-9988b4cb824f', '93704298-cd07-4d01-ad81-37eb2aa24006', 'e1ca0783-05ba-4f1a-9206-e1497a4ec065', '', '', 'selesai', 'N', 1, 0),
('48d5f2df-2666-4d70-ac24-dde1a9ada6d8', '02ca9c05-6838-4e71-8327-6995d31481db', 'e91e6bee-4207-45dc-bc7f-a741c112838b', '234f9989-2f78-4642-bb97-7e5e99cc2fee', '736508aa-9cdc-4055-8314-9988b4cb824f', 'e399208c-4931-4751-b290-6fe51f8f4458', '', '', 'selesai', 'N', 1, 0),
('4d46c629-6451-4887-9261-5527a958ca34', '5c75aac8-9692-40a1-a9d5-c489fb598884', 'e399208c-4931-4751-b290-6fe51f8f4458', '736508aa-9cdc-4055-8314-9988b4cb824f', '234f9989-2f78-4642-bb97-7e5e99cc2fee', 'e91e6bee-4207-45dc-bc7f-a741c112838b', '', '', 'selesai', 'N', 1, 0),
('6a5b701b-cf66-4657-a21a-dcc7fa4b3bea', '8dc3bc2a-efb4-4189-96ec-7c0c68a50185', '93704298-cd07-4d01-ad81-37eb2aa24006', '736508aa-9cdc-4055-8314-9988b4cb824f', '538dcb20-bc30-4a2b-a430-556133ffef55', '234f9989-2f78-4642-bb97-7e5e99cc2fee', '', '', 'selesai', 'N', 1, 0),
('75ff1cd6-f4f3-4f76-8b6f-6dcab342e37d', '9aa8188f-34b5-4afe-9127-8ff8ccbcbc05', '538dcb20-bc30-4a2b-a430-556133ffef55', '6717bd20-cac4-491c-a55e-dfcac8c3b0b5', 'e1ca0783-05ba-4f1a-9206-e1497a4ec065', '93704298-cd07-4d01-ad81-37eb2aa24006', '', '', 'selesai', 'N', 1, 0),
('81f48620-f7c6-4c70-ae47-257a4027f9b8', 'ed08708b-aacf-4374-95d4-c760e14612ec', '0bea61e3-d2ad-434e-888f-bce65ec64b32', '234f9989-2f78-4642-bb97-7e5e99cc2fee', '1b0097e7-befc-404f-902e-1f5fbce1e659', '1b3e0134-4751-47d0-b336-ff0109c188b6', '', '', 'selesai', 'N', 1, 0),
('94bb76c5-fbdf-465f-9fbc-bf6d7c51a98a', '6b5586dc-1992-40fc-9eec-ef7860ffba3a', '234f9989-2f78-4642-bb97-7e5e99cc2fee', 'e399208c-4931-4751-b290-6fe51f8f4458', 'e91e6bee-4207-45dc-bc7f-a741c112838b', '736508aa-9cdc-4055-8314-9988b4cb824f', '', '', 'selesai', 'N', 1, 0),
('9e56db5d-74af-49dc-bd85-bc414dfe8fd8', 'a3d81653-4f40-4afd-b59c-a51d28c85e9d', 'e91e6bee-4207-45dc-bc7f-a741c112838b', '234f9989-2f78-4642-bb97-7e5e99cc2fee', '736508aa-9cdc-4055-8314-9988b4cb824f', 'e399208c-4931-4751-b290-6fe51f8f4458', '', '', 'berjalan', 'N', 1, 1),
('c19d8876-a2da-4c28-ab2f-3ddd0105fdc1', 'ea19e823-e94d-4808-ad0d-1e65278084ae', '0bea61e3-d2ad-434e-888f-bce65ec64b32', '1b3e0134-4751-47d0-b336-ff0109c188b6', 'e399208c-4931-4751-b290-6fe51f8f4458', 'e91e6bee-4207-45dc-bc7f-a741c112838b', '', '', 'selesai', 'N', 1, 0),
('c6805434-4c29-40c1-9af1-fe340556c223', 'a446503f-0385-4d9f-a1fd-fc66c1aa7943', '516aa764-f6f6-4925-9eb9-4aba53ad283c', '2edcfb53-4a78-4103-85ae-2076afe83019', 'e399208c-4931-4751-b290-6fe51f8f4458', '1b3e0134-4751-47d0-b336-ff0109c188b6', '', '', 'selesai', 'N', 1, 0),
('c7c39275-1133-4386-b640-eab8a97968ca', '7237bb91-e264-425d-993a-efb9c17e0ad4', 'e1ca0783-05ba-4f1a-9206-e1497a4ec065', '93704298-cd07-4d01-ad81-37eb2aa24006', '538dcb20-bc30-4a2b-a430-556133ffef55', '6717bd20-cac4-491c-a55e-dfcac8c3b0b5', '', '', 'selesai', 'N', 1, 0),
('d1d5353c-d1da-474a-afed-5927f8c9a289', 'f5901665-733b-415c-aa34-d0bb621af181', '1b3e0134-4751-47d0-b336-ff0109c188b6', '516aa764-f6f6-4925-9eb9-4aba53ad283c', '2edcfb53-4a78-4103-85ae-2076afe83019', 'e399208c-4931-4751-b290-6fe51f8f4458', '', '', 'selesai', 'N', 1, 0),
('d1d64364-d328-43e7-a18b-adb89f30c6d1', '6a7fc3a3-447e-48ea-a43e-f68deec05777', '516aa764-f6f6-4925-9eb9-4aba53ad283c', '2edcfb53-4a78-4103-85ae-2076afe83019', 'e399208c-4931-4751-b290-6fe51f8f4458', '1b3e0134-4751-47d0-b336-ff0109c188b6', '', '', 'selesai', 'N', 1, 0),
('d2ebfb70-4856-4793-8ce0-305b4a01bf4b', 'e07972d5-2c82-4f26-a624-16ee59383bf0', '736508aa-9cdc-4055-8314-9988b4cb824f', '93704298-cd07-4d01-ad81-37eb2aa24006', 'e1ca0783-05ba-4f1a-9206-e1497a4ec065', '234f9989-2f78-4642-bb97-7e5e99cc2fee', '', '', 'selesai', 'N', 1, 0),
('d3262da0-f794-4b58-9767-fb546ff5d998', '70b57d18-b8ad-4107-bdce-2a00749bbcca', 'e1ca0783-05ba-4f1a-9206-e1497a4ec065', '93704298-cd07-4d01-ad81-37eb2aa24006', '538dcb20-bc30-4a2b-a430-556133ffef55', '6717bd20-cac4-491c-a55e-dfcac8c3b0b5', '', '', 'belum', 'N', 1, 0),
('e550844d-5ea8-4a3c-872f-b31030c0dcf9', 'cd53c60e-ca39-4ece-ad40-1caee8235dae', '6717bd20-cac4-491c-a55e-dfcac8c3b0b5', 'e1ca0783-05ba-4f1a-9206-e1497a4ec065', '93704298-cd07-4d01-ad81-37eb2aa24006', '538dcb20-bc30-4a2b-a430-556133ffef55', '', '', 'selesai', 'N', 1, 0),
('e8db93c0-9a96-48b2-b9ab-faab6c8844ef', '8107f7dd-1178-429f-8383-4e7f140d9b10', '2edcfb53-4a78-4103-85ae-2076afe83019', 'e399208c-4931-4751-b290-6fe51f8f4458', '1b3e0134-4751-47d0-b336-ff0109c188b6', '516aa764-f6f6-4925-9eb9-4aba53ad283c', '', '', 'selesai', 'N', 1, 0),
('ef3dd35a-664b-4b81-8033-d24157aeb950', 'f127058c-69b5-4c78-a553-41cabcc50c7b', '93704298-cd07-4d01-ad81-37eb2aa24006', 'e1ca0783-05ba-4f1a-9206-e1497a4ec065', '234f9989-2f78-4642-bb97-7e5e99cc2fee', '736508aa-9cdc-4055-8314-9988b4cb824f', '', '', 'selesai', 'N', 1, 0);

-- --------------------------------------------------------

--
-- Table structure for table `user`
--

CREATE TABLE `user` (
  `id_user` varchar(100) NOT NULL,
  `nama` varchar(50) NOT NULL,
  `username` varchar(50) NOT NULL,
  `password` varchar(255) NOT NULL,
  `level` enum('admin','dewan') NOT NULL,
  `aktif` enum('Y','T') NOT NULL
) ENGINE=InnoDB DEFAULT CHARSET=latin1 COLLATE=latin1_swedish_ci;

--
-- Dumping data for table `user`
--

INSERT INTO `user` (`id_user`, `nama`, `username`, `password`, `level`, `aktif`) VALUES
('27d43e3b-a021-453d-9147-15754b194b76', 'Muhammad Nahidhul Umam', 'nahidh', '$2y$10$MmMA6p9aDO3HBFHiEYPvsuSBN5pmdQ4Iq4BWRWnxpVQP/OQOa2DJi', 'admin', 'Y'),
('7e6b1f02-ad44-44d0-9f9c-1b4ec506d45e', 'Rayan Safri  Hamidi', 'BOY', '$2y$10$6l9sB/Mt.h6NwLHvPUfk.epEoYwr9PAADqeXefAsDN7YE4zmBjTjC', 'admin', 'Y'),
('8ecf6eb7-d52e-4336-a018-24ee08fe7ac3', 'Server1', 'server', '$2y$10$5EzzWqFXhL7I9vSN43/0m.FwKSj3Kp9Umm68L/S0jRdP4G8DULI0G', 'admin', 'Y'),
('a73381f2-4f52-4af9-b080-1dcaaea1c113', 'Dewan Akun', 'dewan', '$2y$10$4QXeDNUjrJt.cRQgNgt0A.F5AWDOFh8.1eyZhWyrqWXhZSB4FF.ci', 'dewan', 'Y'),
('d9e705b5-4ef7-4549-9af9-2fc34774ac48', 'Ainul Yaqin', 'ainul yaqin', '$2y$10$s/3kZXn397SAnB0CWpHH0eJz1QhuqojsT2xrJBFvMnkiQpex0JEHe', 'dewan', 'Y'),
('d9e705b5-4ef7-4549-9af9-2fc34s47rc48', 'Administrator', 'admin', '$2y$10$vg7LvEGuPlF14ZYHwAVhZeGvgPWW1tDQ8h5NtSd8/malLS6g2DOK.', 'admin', 'Y');

-- --------------------------------------------------------

--
-- Table structure for table `verifikasi`
--

CREATE TABLE `verifikasi` (
  `id_verifikasi` varchar(100) NOT NULL,
  `id_tanding` varchar(100) NOT NULL,
  `status` enum('proses','selesai') NOT NULL
) ENGINE=InnoDB DEFAULT CHARSET=utf8mb4 COLLATE=utf8mb4_general_ci;

--
-- Dumping data for table `verifikasi`
--

INSERT INTO `verifikasi` (`id_verifikasi`, `id_tanding`, `status`) VALUES
('08d90688-2616-4c41-8051-9330fe936ae4', '3d1ed1d1-2660-4a4c-8bf5-bd64c98333a8', 'selesai'),
('89e545bd-dcfc-4a51-9108-6edc8c5a4e85', 'c7c39275-1133-4386-b640-eab8a97968ca', 'selesai'),
('cc38f23b-6a98-4de3-8740-50f9ac3802eb', 'c7c39275-1133-4386-b640-eab8a97968ca', 'selesai');

-- --------------------------------------------------------

--
-- Table structure for table `verifikasi_detail`
--

CREATE TABLE `verifikasi_detail` (
  `id_vd` varchar(100) NOT NULL,
  `id_verifikasi` varchar(100) NOT NULL,
  `id_wasit` varchar(100) NOT NULL,
  `pilihan` varchar(10) NOT NULL
) ENGINE=InnoDB DEFAULT CHARSET=utf8mb4 COLLATE=utf8mb4_general_ci;

--
-- Dumping data for table `verifikasi_detail`
--

INSERT INTO `verifikasi_detail` (`id_vd`, `id_verifikasi`, `id_wasit`, `pilihan`) VALUES
('02a10816-40f6-4af1-87ca-91e75c167e8b', '08d90688-2616-4c41-8051-9330fe936ae4', '6717bd20-cac4-491c-a55e-dfcac8c3b0b5', 'biru'),
('1a2af4f3-2ac7-4c22-beb3-4112e027f019', '08d90688-2616-4c41-8051-9330fe936ae4', '93704298-cd07-4d01-ad81-37eb2aa24006', 'merah'),
('1ffee216-3590-46e7-9aba-a101d19c10f7', '08d90688-2616-4c41-8051-9330fe936ae4', 'e1ca0783-05ba-4f1a-9206-e1497a4ec065', 'merah'),
('24326c00-fb47-4d8e-b41e-9db55ad22750', 'cc38f23b-6a98-4de3-8740-50f9ac3802eb', '6717bd20-cac4-491c-a55e-dfcac8c3b0b5', 'merah'),
('436e0115-c19a-451b-97ff-6e3969e0e1ab', '89e545bd-dcfc-4a51-9108-6edc8c5a4e85', '538dcb20-bc30-4a2b-a430-556133ffef55', 'biru'),
('59993590-b237-4f7f-a54d-c8c81a7901c9', '89e545bd-dcfc-4a51-9108-6edc8c5a4e85', '93704298-cd07-4d01-ad81-37eb2aa24006', 'merah'),
('7207920f-f7cb-46f4-b44b-f8665303fad4', 'cc38f23b-6a98-4de3-8740-50f9ac3802eb', '538dcb20-bc30-4a2b-a430-556133ffef55', 'biru'),
('9efc5be7-92ad-4e30-a3d1-65d2cc199cdc', '89e545bd-dcfc-4a51-9108-6edc8c5a4e85', '6717bd20-cac4-491c-a55e-dfcac8c3b0b5', 'biru');

-- --------------------------------------------------------

--
-- Table structure for table `wasit`
--

CREATE TABLE `wasit` (
  `id_wasit` varchar(100) NOT NULL,
  `nama` varchar(100) NOT NULL,
  `alamat` text NOT NULL,
  `hp` int(20) NOT NULL,
  `pin` varchar(11) NOT NULL,
  `status` enum('N','Y') NOT NULL
) ENGINE=InnoDB DEFAULT CHARSET=utf8mb4 COLLATE=utf8mb4_general_ci;

--
-- Dumping data for table `wasit`
--

INSERT INTO `wasit` (`id_wasit`, `nama`, `alamat`, `hp`, `pin`, `status`) VALUES
('0bea61e3-d2ad-434e-888f-bce65ec64b32', 'Ainul Yaqin', 'K', 987, '985196', 'N'),
('1b0097e7-befc-404f-902e-1f5fbce1e659', 'M. Hilmi Hidayatullah', 'Kraksaan', 2147483647, '3N86EJ', 'N'),
('1b3e0134-4751-47d0-b336-ff0109c188b6', 'Rizki Kamil Romadhoni', 'Mojolegi', 2147483647, '1Z29NN', 'N'),
('234f9989-2f78-4642-bb97-7e5e99cc2fee', 'M. Qomariz Zaman', 'Pajarakan', 2147483647, 'JCE442', 'N'),
('24e28703-592e-467f-80ba-7cde47356407', 'Moh. Syarif Hasbullah', 'Malang', 2147483647, 'NOUPFK', 'N'),
('2ba17f5d-b2c8-494a-ae36-70dee92d9a0f', 'Moh. Zaini', 'as', 2147483647, '432693', 'N'),
('2edcfb53-4a78-4103-85ae-2076afe83019', 'Zakaria', 'Situbondo', 2147483647, 'DLUVL5', 'N'),
('30180ca1-ccf7-4c87-81d3-af0ad29a666c', 'Ahmad Rofiqi', 'Probolinggo', 2147483647, 'POCBIV', 'N'),
('3175a020-63dd-4b5c-aaea-f45130c743fd', 'Domen', 'Kraksaan', 2147483647, '750876', 'N'),
('3defbb67-2c47-42d0-b8b3-c16445102b26', 'Ilzam Nasrullah', 'Alas Sumur', 2147483647, 'TA0H17', 'N'),
('516aa764-f6f6-4925-9eb9-4aba53ad283c', 'Abdul Wahid Zaini', 'Mojolegi', 2147483647, '0BFWL9', 'N'),
('538dcb20-bc30-4a2b-a430-556133ffef55', 'Arif Hidayatullah', 'Krucil', 2147483647, 'A135DI', 'N'),
('54630bc2-9ac5-4f0d-ad5d-22298f6a4367', 'Mukhtar Hilmi', 'Kraksaan', 2147483647, 'AP1EWE', 'N'),
('6422d9e4-e216-4375-9b57-353e86980bd2', 'Ahmad Zainuri', 'K', 2147483647, '847731', 'N'),
('65fc8350-6105-4d14-ac80-38eb67161c6e', 'Khoirul Umam', 'Suboh', 2147483647, '18JWV5', 'N'),
('6717bd20-cac4-491c-a55e-dfcac8c3b0b5', 'Syahidul Haq', 'Jember', 2147483647, 'SO3KRX', 'N'),
('736508aa-9cdc-4055-8314-9988b4cb824f', 'Abu Bakar', 'Krucil', 2147483647, '9QL3ZM', 'N'),
('755de261-b8c4-4bbf-9641-9fec0aa51004', 'Dafi Rizaldi', 'Batur', 2147483647, 'FJP9YK', 'N'),
('92eaacec-99e0-412a-b44c-6dd7508a6ec2', 'Moh. Hendra Febrianto', 'Probolinggo', 2147483647, 'FTNGT8', 'N'),
('93704298-cd07-4d01-ad81-37eb2aa24006', 'M. Rosid Alaikar Rohman', 'Alas Kandang', 2147483647, 'F2BV38', 'N'),
('b10a71e3-3a25-4c00-88b7-29874910b7fc', 'Maulana Ifansyah', 'Wangkal', 2147483647, 'SGJP6B', 'N'),
('e1ca0783-05ba-4f1a-9206-e1497a4ec065', 'M. Faizul Akbar', 'Kraksaan', 2147483647, 'KE4VU4', 'N'),
('e31a5435-a1b7-405c-aee5-30610e25b02e', 'Danial Aziz', 'Madura', 2147483647, 'UGEVSX', 'N'),
('e399208c-4931-4751-b290-6fe51f8f4458', 'Nofal Sya\'bani Ibnu Fahlan', 'Kraksaan', 2147483647, 'A3HKMW', 'N'),
('e91e6bee-4207-45dc-bc7f-a741c112838b', 'Mufid Ainul Yaqin', 'Kraksaan', 2147483647, 'PIDMI6', 'N');

-- --------------------------------------------------------

--
-- Table structure for table `winner`
--

CREATE TABLE `winner` (
  `id_winner` varchar(100) NOT NULL,
  `id_tanding` varchar(100) NOT NULL,
  `id_peserta` varchar(100) NOT NULL
) ENGINE=InnoDB DEFAULT CHARSET=utf8mb4 COLLATE=utf8mb4_general_ci;

--
-- Dumping data for table `winner`
--

INSERT INTO `winner` (`id_winner`, `id_tanding`, `id_peserta`) VALUES
('19bc1025-e837-41d8-bd83-f78500963538', 'c19d8876-a2da-4c28-ab2f-3ddd0105fdc1', 'd9558b7c-2629-49fd-a6e0-9cb19197a4dd'),
('2cca9cc5-3d92-4316-932c-1d29d59618d4', '3f7f3573-91a0-4281-a852-fee2d7726cae', '96d01bd8-43e3-4a1d-85ef-ab6f113ecd49'),
('406ce82d-4320-4c69-b2ee-bcff91d90151', 'c7c39275-1133-4386-b640-eab8a97968ca', '8c4251e0-2cbb-42c5-8466-290c480d9338'),
('44e7daf1-8339-492c-9a59-2e28c5bd06b8', '4d46c629-6451-4887-9261-5527a958ca34', '66c61a8d-2870-4244-8372-68840526ea89'),
('5224546f-d6e2-40ea-898f-eca1db125ae2', 'ef3dd35a-664b-4b81-8033-d24157aeb950', '34ca16bb-3937-4d68-bec9-4ef1dcd06340'),
('5d50d2a3-676b-4d70-b25e-75aa9236cad4', 'e8db93c0-9a96-48b2-b9ab-faab6c8844ef', '3afb54a2-4978-4144-8479-8ada021a05dd'),
('6e8bfdb9-a867-4a11-b56f-8a9ec8ab30a2', '3d1ed1d1-2660-4a4c-8bf5-bd64c98333a8', '5c7a6b20-59b4-4792-8382-1e22c2faa527'),
('6f978e6f-42e9-41ff-8101-b788c5f482a4', '237d8e93-2128-4bb6-b2e4-96cc1f4bbd16', 'f6055ec8-8724-4a9e-92fa-15ac7a0075aa'),
('736f253e-3eee-4d04-aa01-010a7d89143f', '02598eb4-9c75-4e2f-8803-bd373e1cc863', '84855134-8a16-485c-a6c9-3c56c4212bb3'),
('7621db15-154d-4d33-a7c5-9c9a865fe790', '246a337b-b0f8-40d0-be07-4160a6ba4b33', '7493b127-6c40-4f0f-84e9-c8feaadd8de7'),
('96b8d508-e111-4a00-8889-1bf64b061134', '94bb76c5-fbdf-465f-9fbc-bf6d7c51a98a', '28634827-8a0c-4ea0-b61a-423418d582ea'),
('b2c8dad9-648e-4aa8-a512-e3f56cfe3bbc', '48d5f2df-2666-4d70-ac24-dde1a9ada6d8', 'f6055ec8-8724-4a9e-92fa-15ac7a0075aa'),
('b398a353-3642-46f8-b95d-fa7d8d7409f9', 'd1d5353c-d1da-474a-afed-5927f8c9a289', '2e0342b7-ea1b-41ef-87ce-221fbc0aa854'),
('b8b48714-07f6-4afe-8f4c-5f7304b75534', '3f7f3573-91a0-4281-a852-fee2d7726cae', 'f44bc4a2-269e-44dd-991f-f42a9f4d09f6'),
('c879cf09-6278-445e-bff7-b11f6aa32c97', 'd1d64364-d328-43e7-a18b-adb89f30c6d1', '4e03510b-1793-48b6-b1af-6f3a8cdafa90'),
('c930e568-4fdb-4a5f-8c72-d361a771cc8a', '194969d7-0d68-469f-9a22-1f3c99957504', '889dad8c-7941-4293-9160-becb4b2b8c95'),
('ca293a07-bfc6-4c20-b270-16d96abb6ed0', '6a5b701b-cf66-4657-a21a-dcc7fa4b3bea', '6717ef3a-bee0-4a6f-88e6-ed8ecf6b6068'),
('d6021891-3ead-4b2e-9c25-2a855a1846ae', '1ac734b4-7d69-45f1-89d3-e269bb293e50', '97323c88-fc8a-4a2f-830e-dbb6f371373c'),
('dbb384b0-912c-47ab-b53a-0ec5836bcd6c', 'e550844d-5ea8-4a3c-872f-b31030c0dcf9', 'f2e09cb9-ae65-4f4c-8787-37c78018ef16'),
('eb0fe57b-30f2-41e1-9500-a57f401c1370', 'c6805434-4c29-40c1-9af1-fe340556c223', 'fecfb0eb-3452-4ffc-b5b2-84dc30947856'),
('ebbbd5b0-2607-4b95-80bb-c89ea49b7ff0', '136eba5f-078f-4673-ace6-6e4de2adbfbc', '531e1450-326f-476e-ab8a-ff71d0d49ff9'),
('ece9b84b-1e09-4a55-b3e4-ae576b01b0da', '75ff1cd6-f4f3-4f76-8b6f-6dcab342e37d', '82c473b8-fbdf-4028-906f-0edadf4b6054'),
('f09b45d1-b798-4fee-972f-31f45707a89f', '81f48620-f7c6-4c70-ae47-257a4027f9b8', 'e6b48aab-0546-4035-918a-6b02eb5f34d7'),
('f70e86bd-8d38-43af-9706-dde73d152ec8', '0a51af79-018a-45b0-bc80-466012ce7182', '12903ec2-e8d5-47ff-8724-da8a04ae6026'),
('fbd93c17-8745-474b-b3ad-c13abc1339b0', 'd2ebfb70-4856-4793-8ce0-305b4a01bf4b', '8da604b6-fe0f-4efa-b40c-da5f96408c12');

--
-- Indexes for dumped tables
--

--
-- Indexes for table `akun`
--
ALTER TABLE `akun`
  ADD PRIMARY KEY (`id_akun`);

--
-- Indexes for table `hukuman`
--
ALTER TABLE `hukuman`
  ADD PRIMARY KEY (`id_hukuman`),
  ADD KEY `id_peserta` (`id_peserta`),
  ADD KEY `id_tanding` (`id_tanding`);

--
-- Indexes for table `nilai`
--
ALTER TABLE `nilai`
  ADD PRIMARY KEY (`id_nilai`),
  ADD KEY `id_peserta` (`id_peserta`),
  ADD KEY `id_tanding` (`id_tanding`),
  ADD KEY `id_wasit` (`id_wasit`);

--
-- Indexes for table `nilai_fix`
--
ALTER TABLE `nilai_fix`
  ADD PRIMARY KEY (`id_nilai`),
  ADD KEY `id_peserta` (`id_peserta`),
  ADD KEY `id_tanding` (`id_tanding`);

--
-- Indexes for table `partai`
--
ALTER TABLE `partai`
  ADD PRIMARY KEY (`id_partai`),
  ADD KEY `merah` (`merah`),
  ADD KEY `biru` (`biru`);

--
-- Indexes for table `peserta`
--
ALTER TABLE `peserta`
  ADD PRIMARY KEY (`id_peserta`);

--
-- Indexes for table `tanding`
--
ALTER TABLE `tanding`
  ADD PRIMARY KEY (`id_tanding`),
  ADD KEY `id_partai` (`id_partai`),
  ADD KEY `wasit` (`wasit`),
  ADD KEY `juri5` (`juri5`),
  ADD KEY `juri1` (`juri1`);

--
-- Indexes for table `user`
--
ALTER TABLE `user`
  ADD PRIMARY KEY (`id_user`);

--
-- Indexes for table `verifikasi`
--
ALTER TABLE `verifikasi`
  ADD PRIMARY KEY (`id_verifikasi`),
  ADD KEY `id_tanding` (`id_tanding`);

--
-- Indexes for table `verifikasi_detail`
--
ALTER TABLE `verifikasi_detail`
  ADD PRIMARY KEY (`id_vd`),
  ADD KEY `id_verifikasi` (`id_verifikasi`),
  ADD KEY `id_wasit` (`id_wasit`);

--
-- Indexes for table `wasit`
--
ALTER TABLE `wasit`
  ADD PRIMARY KEY (`id_wasit`);

--
-- Indexes for table `winner`
--
ALTER TABLE `winner`
  ADD PRIMARY KEY (`id_winner`);

--
-- Constraints for dumped tables
--

--
-- Constraints for table `hukuman`
--
ALTER TABLE `hukuman`
  ADD CONSTRAINT `hukuman_ibfk_1` FOREIGN KEY (`id_peserta`) REFERENCES `peserta` (`id_peserta`),
  ADD CONSTRAINT `hukuman_ibfk_2` FOREIGN KEY (`id_tanding`) REFERENCES `tanding` (`id_tanding`);

--
-- Constraints for table `nilai`
--
ALTER TABLE `nilai`
  ADD CONSTRAINT `nilai_ibfk_1` FOREIGN KEY (`id_peserta`) REFERENCES `peserta` (`id_peserta`),
  ADD CONSTRAINT `nilai_ibfk_2` FOREIGN KEY (`id_tanding`) REFERENCES `tanding` (`id_tanding`),
  ADD CONSTRAINT `nilai_ibfk_3` FOREIGN KEY (`id_wasit`) REFERENCES `wasit` (`id_wasit`);

--
-- Constraints for table `partai`
--
ALTER TABLE `partai`
  ADD CONSTRAINT `partai_ibfk_1` FOREIGN KEY (`merah`) REFERENCES `peserta` (`id_peserta`),
  ADD CONSTRAINT `partai_ibfk_2` FOREIGN KEY (`biru`) REFERENCES `peserta` (`id_peserta`);

--
-- Constraints for table `verifikasi`
--
ALTER TABLE `verifikasi`
  ADD CONSTRAINT `verifikasi_ibfk_1` FOREIGN KEY (`id_tanding`) REFERENCES `tanding` (`id_tanding`);

--
-- Constraints for table `verifikasi_detail`
--
ALTER TABLE `verifikasi_detail`
  ADD CONSTRAINT `verifikasi_detail_ibfk_1` FOREIGN KEY (`id_verifikasi`) REFERENCES `verifikasi` (`id_verifikasi`),
  ADD CONSTRAINT `verifikasi_detail_ibfk_2` FOREIGN KEY (`id_wasit`) REFERENCES `wasit` (`id_wasit`);
COMMIT;

/*!40101 SET CHARACTER_SET_CLIENT=@OLD_CHARACTER_SET_CLIENT */;
/*!40101 SET CHARACTER_SET_RESULTS=@OLD_CHARACTER_SET_RESULTS */;
/*!40101 SET COLLATION_CONNECTION=@OLD_COLLATION_CONNECTION */;
